weather_risk,crime_risk,health_risk,political_risk,transport_disruption,destination_popularity,trip_duration,season_risk,risk_score,risk_level
9,78,62,45,51,7,22,18,56.56188241058466,1
78,67,83,1,46,50,27,36,51.42097665335264,1
66,93,64,67,7,57,5,71,61.139993073617966,1
44,97,60,45,12,73,8,5,46.121433193955866,1
43,71,47,77,60,57,2,92,57.52413389948451,1
86,37,24,62,57,19,15,17,53.52265037823796,1
8,60,28,79,56,37,15,79,40.8518251161636,1
70,42,75,46,15,44,1,62,46.74706910848782,1
20,63,7,0,51,99,20,85,38.798260147900145,1
9,82,8,13,6,53,1,78,24.39434072156393,0
53,37,40,46,14,64,24,52,54.899312328696304,1
98,51,78,40,50,74,22,76,63.87324975121611,1
74,4,66,80,62,36,25,34,56.96509454521098,1
76,74,59,41,66,97,4,58,56.626685016511786,1
72,49,53,86,99,68,27,92,79.11060327741649,2
79,46,11,18,86,85,17,8,52.9988645610363,1
51,53,33,38,38,75,26,35,63.58809482354086,1
12,21,8,76,79,62,21,1,44.58383522220396,1
84,60,76,12,9,3,20,53,61.46796260183062,1
45,75,75,32,86,58,1,78,71.90856488886249,2
50,35,26,75,39,13,21,3,49.54322646059874,1
37,13,29,59,76,60,14,55,54.271505241671214,1
18,39,32,78,98,70,26,41,62.584406794342414,1
93,20,89,52,71,55,21,79,67.89392415586941,2
78,37,49,86,92,31,3,22,63.5520462067088,1
65,63,76,88,1,5,27,16,53.991498219793044,1
40,11,45,98,17,67,2,9,38.2527155626769,1
83,75,70,12,63,70,9,41,48.52751487732222,1
55,22,53,59,54,48,7,49,37.56838509033335,1
44,90,28,11,12,72,30,92,55.45727213415134,1
45,73,88,23,72,78,5,47,49.555528428799676,1
22,27,71,30,5,51,26,17,35.57731749217974,1
9,56,77,65,100,4,7,70,64.4806071160992,1
56,11,95,43,15,87,20,6,41.02829760490281,1
89,10,25,87,44,47,3,34,41.625271557747396,1
6,96,9,30,83,67,12,66,57.88209429488719,1
86,81,58,62,51,92,19,25,66.55458858120352,2
83,15,32,77,75,36,22,60,63.51645408102698,1
27,28,44,99,71,62,27,45,52.39136231631803,1
63,19,23,24,95,1,25,96,55.11003465922408,1
16,39,40,74,46,89,16,29,51.033766899620716,1
76,29,39,8,98,5,10,91,60.01106579085221,1
70,33,35,54,52,54,8,63,45.40624390245363,1
35,53,74,41,90,35,30,75,64.45665085655094,1
6,19,59,96,73,3,19,17,46.39787961961709,1
98,89,47,78,13,46,28,1,65.3015224904347,2
45,73,11,93,65,94,14,73,55.38559475576083,1
90,76,57,85,88,16,15,48,79.88094476554916,2
68,17,17,41,12,29,25,31,42.138830389097066,1
78,71,31,74,84,19,22,90,73.38968281719352,2
76,84,41,3,10,12,7,32,45.10636230403295,1
19,17,14,56,87,23,16,43,41.41700955421186,1
36,75,39,4,79,57,7,73,56.400712389589316,1
47,36,26,73,15,78,23,97,48.58044897917348,1
50,79,85,97,73,69,1,90,73.2487033540949,2
4,48,86,68,11,77,25,65,47.193873230245835,1
55,81,0,84,57,72,28,11,54.89494287952907,1
15,14,60,23,93,38,1,11,35.92510994868182,1
75,39,64,100,20,90,19,69,63.14933522201712,1
68,27,38,55,17,17,3,51,42.53885915893981,1
93,25,47,68,42,70,11,13,57.487846937172385,1
75,31,79,77,37,11,11,70,70.55248435556723,2
37,38,38,64,4,77,16,95,36.85259415299117,1
97,12,6,32,46,8,28,6,46.5670080385734,1
41,71,37,61,26,21,14,83,59.42388155426713,1
32,55,25,66,12,39,12,34,40.43045400512438,1
91,83,38,86,27,70,3,40,65.66610212216766,2
37,71,23,48,2,4,27,72,42.93170058867529,1
7,15,15,50,92,25,10,24,44.535854056658394,1
47,7,99,50,100,33,14,15,56.379664582431445,1
80,42,13,11,37,73,3,97,36.05881353100405,1
19,48,71,9,88,97,9,35,39.10753866908286,1
46,24,72,2,46,62,17,17,25.621121146715353,0
13,79,62,67,92,51,28,69,70.38625650098247,2
69,58,92,42,17,33,10,21,50.383608136556504,1
48,75,0,87,28,83,17,78,50.53933767725744,1
33,11,30,70,74,10,27,7,51.700213402258676,1
22,82,18,14,22,13,11,52,48.53078313816685,1
57,20,58,10,83,20,9,40,43.07583705973313,1
67,45,64,36,43,27,2,96,52.4761187029218,1
94,44,90,93,40,46,28,52,79.08990761279077,2
44,82,38,4,45,95,4,93,47.30216622502974,1
16,27,23,18,80,65,7,25,23.96692470261288,0
84,24,93,2,0,38,5,47,34.103932080476426,0
63,34,67,41,75,21,22,82,61.171383959511815,1
70,36,77,99,78,65,11,16,66.61911956686018,2
9,18,44,69,82,25,22,93,55.006020307258815,1
31,17,45,49,100,98,19,78,52.71221627992269,1
77,23,39,14,79,48,1,68,34.71103210029648,0
84,47,75,35,53,55,10,24,58.10130646450958,1
43,34,21,52,47,91,1,82,41.18049530405108,1
81,39,98,27,39,30,2,85,71.45625432490093,2
85,72,17,71,83,47,15,29,64.14419377894151,1
39,24,46,98,39,53,8,59,53.00075097065624,1
90,91,31,20,57,27,3,6,70.73531497325101,2
29,75,64,25,9,5,13,39,47.75454977701907,1
24,17,68,12,32,28,14,15,29.6642167643439,0
68,31,92,73,26,11,30,56,59.998468631496095,1
64,18,79,46,43,68,20,55,60.769598203253906,1
14,27,25,28,50,0,12,53,28.395390482940574,0
84,36,20,22,72,31,15,68,54.13272550108873,1
20,13,89,7,43,89,3,93,31.508668072149707,0
81,1,49,48,15,57,12,19,34.78398242453187,0
0,44,9,69,55,67,18,21,31.25640638833965,0
80,70,83,23,5,67,1,21,54.60876333040338,1
79,30,65,0,85,30,28,93,58.853216164490334,1
78,86,2,47,77,63,16,9,51.1294620466418,1
67,37,79,68,22,22,24,3,62.92614358224054,1
47,90,61,34,26,64,9,16,47.685179121776166,1
71,23,62,25,2,68,26,77,47.71764375038433,1
27,54,87,15,36,88,12,58,49.968498292806196,1
78,77,50,75,3,92,28,92,72.49420598344592,2
56,5,46,87,94,2,16,20,42.640186697005795,1
46,93,62,77,13,30,20,39,69.97214020586672,2
51,36,19,52,66,55,7,56,45.566317424009235,1
57,50,15,73,57,32,30,7,54.38582781918001,1
3,63,85,40,23,62,6,92,48.03555030614867,1
14,64,21,2,81,86,1,81,29.249803236353515,0
24,2,50,37,10,26,14,14,26.773025487970813,0
11,87,27,71,89,90,26,85,60.63365175774415,1
44,62,23,65,74,89,28,45,58.714961742660215,1
67,100,60,100,64,92,26,33,82.70758658922925,2
66,47,81,100,88,7,17,95,88.94422252792569,2
47,61,44,24,40,29,28,52,48.56232104084172,1
86,44,14,0,28,12,15,22,46.37952423107593,1
57,89,24,27,15,12,15,81,60.851119521090894,1
7,84,16,88,93,5,6,72,62.313541545056786,1
77,91,89,82,40,44,24,19,71.09750440158439,2
58,50,32,9,83,8,10,68,42.00710290661748,1
64,79,37,16,33,29,6,63,52.030523109198846,1
57,36,7,56,96,99,12,27,43.126295102755115,1
55,46,45,66,87,89,19,43,67.4061408316903,2
9,76,92,99,31,94,9,84,61.56285702103038,1
56,8,41,76,49,3,11,17,39.36597411968817,1
80,71,65,21,80,66,10,72,65.32175810746588,2
30,1,18,3,22,64,18,83,20.213718857043467,0
60,58,14,63,2,13,22,94,55.951299960212815,1
3,48,73,55,29,91,21,32,50.715935980351134,1
35,47,6,93,59,40,5,26,48.88337599001235,1
44,49,45,58,13,98,11,94,49.64578676421635,1
99,49,31,50,33,11,20,46,59.74088025345051,1
21,41,1,30,92,65,7,57,29.101406058287644,0
27,45,53,8,7,13,3,51,33.68102649958294,0
41,57,97,88,5,95,10,51,58.439589460355386,1
100,77,6,83,42,61,21,63,75.41738396190053,2
86,55,82,16,1,7,20,42,56.76486480682271,1
3,64,54,71,2,21,4,39,41.53830821036691,1
23,84,73,36,18,36,21,40,60.46435734906415,1
82,99,9,44,10,1,6,66,56.00421581432367,1
5,10,87,85,81,0,23,82,63.08294262446623,1
86,72,1,85,12,93,17,56,56.50310341712387,1
28,22,91,19,52,99,4,68,41.79054682953927,1
92,19,66,31,71,54,11,41,49.31106130417343,1
29,80,34,82,63,91,25,78,78.0253096536494,2
43,6,0,92,66,66,13,39,54.924176423353835,1
66,85,61,7,36,2,21,42,63.433629525116025,1
12,77,8,84,89,72,23,5,66.63777989648416,2
56,100,61,49,6,1,1,26,46.13471311484572,1
51,67,78,59,10,82,28,74,54.59173354035002,1
79,88,26,7,86,37,11,8,53.020636600212725,1
100,11,24,68,6,14,24,22,47.00738579155326,1
67,89,22,68,19,26,15,78,63.21075549140201,1
41,16,22,66,17,69,18,88,32.59718850220227,0
41,31,11,79,3,85,11,41,43.65955023794188,1
42,12,25,95,11,57,26,41,58.00518940014162,1
82,40,66,85,57,16,4,51,71.56592607503573,2
32,75,30,75,66,90,27,77,73.05313961271882,2
16,27,78,99,8,79,7,47,46.776717630873634,1
33,83,82,68,95,41,27,17,69.15201577563718,2
2,61,76,67,9,56,1,43,43.625168315815806,1
10,63,54,54,69,97,1,25,57.283528221049025,1
9,94,31,77,80,38,3,69,60.74807132495766,1
77,43,93,7,52,2,17,14,49.54025651305635,1
72,34,20,51,49,14,8,61,55.62382195462348,1
70,100,46,42,11,60,18,13,64.06211630447358,1
46,56,45,92,24,100,25,98,59.542589165351174,1
72,62,75,7,85,74,1,64,53.91109232057546,1
16,29,55,65,35,62,16,14,37.11856702459139,1
90,21,80,18,3,32,23,96,52.43813627436654,1
50,17,92,89,73,44,13,57,69.39212002570896,2
94,22,39,86,69,3,28,61,64.89583487323146,1
15,19,88,23,6,37,20,6,37.49798887342162,1
50,75,17,88,5,62,2,18,47.539907493527856,1
70,5,92,50,11,91,17,81,62.10715281788568,1
50,63,17,98,5,93,12,47,53.41298530622524,1
45,95,85,73,62,82,4,62,70.15848858222442,2
16,77,39,3,13,2,29,99,53.45828836269595,1
38,40,97,20,61,81,7,43,44.32712257267674,1
24,5,13,40,17,22,3,38,10.988361259889048,0
30,84,47,21,98,62,7,81,57.87687295437341,1
69,0,91,13,73,95,25,6,41.40223834558465,1
63,68,4,98,37,89,18,45,50.24609523670112,1
61,67,26,87,43,67,25,86,68.42178886123304,2
36,19,8,43,6,30,14,23,14.767338652343614,0
96,74,32,21,5,52,4,30,43.08387898906712,1
8,17,39,18,54,71,12,47,30.511575952268032,0
34,22,62,92,2,51,6,7,39.511977062829395,1
11,82,26,33,64,40,17,7,43.9335831626791,1
34,98,16,1,38,40,9,25,40.88681758831157,1
97,26,17,40,14,60,30,90,47.53561337513302,1
36,93,94,45,54,3,12,22,64.90489911653522,1
91,92,96,62,55,100,10,73,78.60851843955062,2
50,77,22,34,75,10,30,43,57.03850013259095,1
70,14,19,93,19,99,16,76,50.276195203054584,1
46,30,5,64,55,3,6,33,43.48871593048273,1
26,68,96,99,85,51,15,88,78.36274051851358,2
77,100,71,37,27,42,8,37,77.42628221772091,2
97,82,76,65,84,57,22,79,84.70578567989415,2
26,42,29,36,73,43,18,83,48.48459452776189,1
78,23,64,70,43,90,22,43,53.7056413447536,1
26,96,6,75,89,1,29,67,68.04436466154161,2
72,27,68,32,97,99,22,11,57.53538415906042,1
79,34,58,94,23,69,11,50,53.642518191883305,1
45,97,33,86,98,78,7,37,66.99231111801348,2
74,56,71,90,0,14,16,96,65.5905506427684,2
27,26,65,21,13,6,14,94,34.900338904908935,0
8,0,44,72,4,40,10,79,22.523500004731662,0
9,43,18,10,37,32,25,95,36.972360797044836,1
45,99,2,10,94,79,28,98,70.00001187627373,2
91,43,94,98,60,90,12,77,76.89187883279149,2
12,70,28,15,62,43,21,59,56.423451621128756,1
46,25,30,87,8,77,30,20,50.28573782993511,1
71,78,68,43,52,6,1,82,68.27378886164426,2
20,78,25,30,38,74,11,19,51.395894135916286,1
72,61,37,7,48,10,23,18,48.98712642998073,1
30,77,71,68,26,67,15,88,63.34845404102971,1
81,58,60,72,20,38,24,11,60.70121347003917,1
58,38,66,47,96,41,15,14,65.8527203871013,2
55,74,0,81,56,27,2,51,56.40509189875455,1
17,84,45,32,41,40,14,58,47.520335755537374,1
46,84,48,55,7,88,13,4,51.2860532277771,1
86,21,63,28,77,81,26,38,49.91244113365783,1
1,68,15,58,47,34,5,22,43.24082907568356,1
76,0,16,13,39,29,5,30,29.223045604851013,0
49,57,77,48,67,51,5,18,52.503583993161016,1
72,57,68,55,13,69,18,68,62.08486943252097,1
66,36,81,56,53,18,30,47,55.7132604181499,1
43,100,27,45,87,73,19,96,71.97777272794991,2
31,89,100,65,46,95,25,0,62.39340769199961,1
63,3,27,51,0,85,26,78,56.233581463707125,1
14,21,65,28,23,55,19,91,40.82495041784125,1
58,21,16,21,5,32,19,49,28.69164770129938,0
9,90,92,65,50,32,8,70,57.37018958368151,1
65,52,33,94,36,74,29,44,71.5624371807656,2
63,73,81,76,13,45,24,60,67.18980368285736,2
8,81,33,64,69,10,27,91,62.801887597547484,1
76,77,79,93,17,68,30,53,78.47779528405437,2
41,8,45,90,34,13,11,58,51.488312988433925,1
79,14,6,51,99,99,5,99,54.373717599257176,1
4,39,19,11,6,42,26,50,28.798502538356168,0
18,34,69,64,25,34,15,17,43.96514082132032,1
49,75,19,62,32,5,29,68,64.5222224540842,1
19,15,27,28,51,16,21,69,39.98837759377324,1
33,37,54,85,24,95,8,23,46.3993111754089,1
66,23,25,87,97,54,11,73,67.81671650783328,2
14,19,13,33,0,91,19,6,19.2284891721551,0
68,17,63,48,95,96,12,32,46.60918040501783,1
10,19,69,19,54,4,9,86,39.304249781375795,1
17,57,74,18,3,38,7,62,43.082684912409974,1
59,41,95,26,11,84,20,61,39.060832249690925,1
80,43,12,36,10,50,2,62,28.335486827768236,0
17,48,43,27,29,51,3,16,36.289656728353954,1
30,74,23,15,33,57,2,97,51.94073690110797,1
93,87,91,45,64,70,23,30,68.05879978988315,2
99,53,54,62,31,94,1,79,59.05275562499737,1
58,64,9,32,73,89,13,99,52.7327293224979,1
45,74,69,53,29,63,4,24,49.52501932655025,1
35,69,4,27,26,58,18,64,44.873186052538486,1
61,13,27,71,27,36,2,4,26.852778625935507,0
59,99,72,65,33,11,1,64,61.5366949970456,1
29,16,51,96,84,71,13,44,52.16249296247265,1
2,41,76,5,24,0,21,7,32.64774641263504,0
15,65,57,86,27,70,4,67,46.44426936589497,1
96,40,85,34,96,50,15,97,76.7178860487351,2
42,24,56,6,66,79,25,8,35.3846341613338,1
48,93,5,69,19,95,19,90,57.56909436359893,1
47,7,7,17,87,55,23,85,43.525952741379406,1
79,24,78,17,18,57,10,55,41.916550343595,1
6,100,3,98,16,49,29,91,70.60486087743487,2
8,73,38,22,44,37,5,31,33.199464773196006,0
27,8,1,55,69,8,19,72,33.59568041761915,0
49,76,30,20,19,3,14,70,47.75127461720836,1
67,97,60,12,76,73,1,58,60.37141703761007,1
49,9,17,0,15,92,29,84,22.89546433541488,0
44,41,47,1,78,5,22,88,44.21347862979844,1
94,47,100,47,9,33,7,79,61.98378669402791,1
16,13,7,43,46,61,2,59,22.363316596110224,0
57,20,6,3,64,71,21,98,31.53492969795849,0
54,17,27,35,26,74,17,56,42.34204775388437,1
47,18,83,27,61,70,2,64,39.159231962437445,1
81,40,40,57,69,8,30,19,69.07886962319215,2
26,46,64,100,65,25,22,32,64.30082474665656,1
96,24,3,69,40,47,14,91,56.13855317233182,1
33,29,74,92,78,6,8,50,59.49100152341888,1
55,19,6,19,73,34,9,51,20.41902653272582,0
52,80,71,21,32,38,14,82,52.039281053677776,1
85,21,14,75,74,98,2,32,46.24574324168766,1
44,91,86,31,92,32,12,26,68.88837482375624,2
28,54,29,85,82,98,7,0,38.591955865671274,1
2,81,18,46,74,70,4,23,43.388389752837234,1
36,64,34,20,77,69,4,51,38.94641547671581,1
83,26,0,85,81,82,11,73,58.67772099053793,1
1,60,16,55,29,85,12,33,36.46359528580105,1
90,27,60,81,72,22,11,44,68.55100961457744,2
54,11,30,45,20,42,21,22,41.97093758112511,1
14,25,35,12,36,53,16,82,36.19393939564417,1
30,27,81,68,94,98,6,53,59.49236153382345,1
55,13,12,12,28,4,30,14,29.977945144456967,0
31,2,39,66,85,48,22,61,66.27870446760288,2
10,95,18,42,42,21,15,33,42.34708542103071,1
67,51,48,79,21,20,2,87,54.93346533254408,1
67,40,33,87,9,76,28,27,58.82815149648136,1
12,93,4,41,55,20,23,87,62.58632782916595,1
28,22,7,89,45,80,14,70,47.61433411485409,1
24,40,86,11,51,100,5,13,38.56191194795865,1
66,85,5,10,4,78,4,76,28.398657072363754,0
73,63,79,100,27,17,9,72,81.835792167227,2
73,40,92,58,0,14,7,46,51.48665424680032,1
94,25,47,45,30,44,7,16,51.04536509362512,1
77,3,31,15,94,55,13,48,29.908840526192265,0
32,8,78,29,15,78,2,61,31.839411020887145,0
10,16,99,69,69,42,10,13,43.31898632513091,1
62,79,12,82,0,16,27,34,62.942720909487825,1
92,64,97,92,56,100,26,70,85.16242271481308,2
98,43,95,41,93,91,1,55,66.40628678499506,2
23,79,14,45,34,66,21,100,48.05634987061106,1
23,16,5,16,19,70,30,21,23.93818527508833,0
3,21,72,8,57,94,18,78,35.78899771242395,1
14,39,7,44,28,47,12,42,35.4918602502446,1
56,92,60,58,90,14,15,22,77.5857819726008,2
55,62,6,10,85,61,7,96,50.74285553205169,1
37,85,69,41,65,45,12,62,55.492966269668415,1
31,25,23,64,64,80,29,54,50.115472857400604,1
83,85,9,81,60,77,19,29,82.56645737045558,2
46,7,6,94,74,47,13,89,62.11603196192671,1
81,22,19,34,46,37,4,3,17.00360262345381,0
97,52,54,39,97,42,28,11,67.62005892216906,2
32,5,7,88,34,63,5,18,36.802717151532065,1
20,86,81,70,0,64,22,65,60.376037924592126,1
96,87,61,27,70,51,10,10,60.47945447913669,1
64,54,30,69,66,53,9,80,59.32821470949908,1
29,30,99,15,99,100,6,19,47.05313691260791,1
62,9,66,45,39,25,12,68,39.959180153749955,1
52,62,67,30,42,17,21,80,67.48213190965622,2
91,54,17,100,56,80,13,88,68.99404204981157,2
25,76,71,3,39,94,1,29,32.79985435533071,0
100,60,56,86,79,61,8,7,75.16610096839216,2
94,12,99,28,43,40,5,76,43.06921456933016,1
18,12,48,3,79,35,13,45,29.6987394179905,0
16,78,68,66,42,47,28,95,65.23994960828901,2
53,16,34,68,22,5,29,19,58.88365162941679,1
4,94,4,14,100,53,30,58,52.20987538816335,1
30,10,12,3,53,27,4,12,6.14020867699937,0
43,73,87,11,71,26,15,49,55.53910930832515,1
97,98,74,41,59,56,2,0,67.64330208442868,2
100,44,36,13,36,97,15,75,53.924507279501626,1
15,5,70,71,98,20,18,61,68.16923816065663,2
90,88,0,7,37,92,24,9,56.62138542591528,1
9,18,3,79,100,52,11,50,45.37753556349092,1
75,53,51,88,43,98,2,43,52.07150719455134,1
85,99,63,72,2,38,14,68,81.48416458808416,2
89,75,94,95,3,100,13,50,68.68861869804262,2
22,4,76,94,98,66,19,46,53.741056582712375,1
90,82,25,4,53,67,3,83,51.32755718707558,1
11,16,82,34,39,56,19,52,32.34627056661913,0
52,75,49,76,81,45,13,82,69.50987945297415,2
47,62,83,34,62,53,23,89,64.44135002012949,1
31,29,17,74,66,85,30,85,59.83393963487271,1
2,42,2,78,69,80,7,96,44.111469989393896,1
77,11,5,100,20,2,23,70,46.7252445489689,1
33,99,100,33,8,70,4,56,45.9773670684598,1
66,24,8,35,73,84,30,53,49.61741848513869,1
41,31,94,2,2,75,15,20,32.74575512081535,0
37,50,73,28,72,50,23,83,56.39412373272099,1
89,67,14,28,13,33,24,70,51.80526123704758,1
9,51,87,45,26,67,19,88,54.74092159679502,1
74,51,14,42,71,67,12,70,62.65327752213609,1
75,58,14,86,62,37,23,48,61.54913249513608,1
38,86,58,78,78,41,15,29,69.47341701729259,2
26,39,29,73,61,37,20,99,63.48962242403194,1
0,84,29,0,4,4,19,74,34.7933142588165,0
94,79,19,47,84,3,14,88,73.02620731262017,2
95,97,61,73,21,8,4,59,72.11202638147401,2
24,92,2,24,13,42,9,51,32.16222858973889,0
3,80,24,42,88,51,29,3,54.090992768593736,1
12,24,55,73,19,41,16,6,37.63926807162659,1
6,78,49,80,54,96,20,71,64.94050549757634,1
83,74,70,86,49,22,8,22,62.60868115203573,1
90,29,21,43,77,39,22,8,51.52982231156735,1
15,68,65,40,4,24,15,78,57.580404381934855,1
75,25,76,38,10,30,7,62,58.27499899147372,1
18,52,39,67,41,58,5,11,48.69077561382966,1
37,80,25,42,47,31,12,50,45.467570966098535,1
60,19,56,40,79,32,17,47,54.396316092261756,1
72,34,58,16,61,67,9,0,37.721120550233316,1
88,80,9,48,15,83,8,61,54.283403558779526,1
4,45,57,23,98,21,9,40,40.79669976533845,1
19,97,15,53,46,11,9,88,48.029159348886196,1
28,0,57,89,97,24,23,11,51.042896567801,1
31,72,94,78,99,58,15,85,82.4656161796601,2
100,82,54,48,5,96,15,0,56.72799853284287,1
78,92,76,98,51,16,5,77,84.44768715948614,2
32,15,31,99,42,4,17,79,54.93810193787627,1
98,99,93,44,50,53,29,41,83.72716484907427,2
50,39,82,77,31,100,23,28,59.19707055452021,1
50,35,92,34,56,55,14,14,47.07191142627228,1
43,35,74,88,49,93,10,34,54.607343368517704,1
14,64,65,37,18,64,11,67,55.91955024921815,1
94,66,53,26,29,3,1,73,56.962186174006845,1
1,47,93,13,14,43,1,18,30.025380978723515,0
17,7,85,85,85,77,24,1,52.09730704335839,1
23,99,42,29,68,51,26,56,61.23254889010269,1
28,22,8,82,39,19,30,58,46.63786421767519,1
13,9,0,8,39,18,19,99,29.76207114619259,0
1,60,23,50,7,67,28,76,41.27570878824509,1
68,41,6,43,29,46,13,55,42.396910423136696,1
97,62,21,44,93,57,8,59,58.35691176084228,1
12,88,11,16,3,37,8,65,37.3480708272059,1
29,9,99,7,14,34,8,45,34.05516966505616,0
51,28,9,34,85,67,23,68,47.26851084053451,1
93,52,63,47,52,0,1,19,43.76972937866411,1
70,79,35,80,3,43,29,83,72.61222926433284,2
77,60,17,46,49,37,24,87,62.86110305655856,1
58,38,70,24,75,78,12,43,44.100611299919244,1
42,61,98,26,34,73,22,46,59.85962145393964,1
20,98,79,61,38,43,5,50,52.81944879570492,1
87,48,98,44,63,26,13,82,76.2124456919468,2
81,89,59,91,60,23,4,17,71.78580028211674,2
2,78,68,44,91,21,4,34,41.69680954773601,1
72,30,14,57,25,27,1,62,42.98997752357943,1
8,25,86,6,27,76,24,70,35.19284579145439,1
74,77,75,19,15,4,23,29,54.608904249061176,1
83,20,25,85,67,2,27,11,54.783645431262684,1
13,34,35,34,53,54,30,51,43.07670525484077,1
43,23,61,42,35,22,29,64,47.988867912997144,1
12,61,1,59,70,83,30,77,43.509858540869686,1
57,29,82,5,38,75,1,0,39.242407320063236,1
93,66,28,51,19,77,24,1,51.65385406422917,1
8,94,7,34,54,46,22,39,45.47838990473041,1
40,83,33,15,44,44,5,56,39.91945790472802,1
98,95,84,42,40,42,5,0,69.33439240471753,2
30,2,27,45,44,19,30,17,28.479408185420844,0
13,46,54,18,92,57,27,42,50.67392381114779,1
49,22,81,54,21,87,10,28,38.008105988758516,1
51,92,3,75,27,25,3,71,54.417482036626,1
66,71,76,27,57,5,11,3,49.54864281414459,1
31,32,29,97,4,57,1,89,40.83808340487005,1
96,56,70,61,14,40,21,17,60.57287434904114,1
52,61,18,78,57,80,12,44,56.881873358093955,1
28,50,14,7,51,86,2,99,30.92644511230213,0
96,47,79,77,65,96,30,66,76.22439358537551,2
93,5,81,33,11,39,25,100,59.19072658582253,1
50,45,99,71,86,91,28,1,56.05422865830556,1
2,35,68,81,49,11,30,72,59.73238615844885,1
60,82,47,25,15,37,1,7,37.04529632758697,1
56,87,19,26,31,26,24,61,50.10389496730081,1
14,75,29,6,22,93,24,32,38.56606907798861,1
64,3,65,61,45,60,24,78,50.318491187994645,1
84,84,34,78,47,36,8,12,56.3891812425894,1
10,40,48,41,43,15,12,90,54.015699152419934,1
73,42,16,16,46,79,28,48,51.54053708599097,1
14,95,44,31,91,66,2,52,43.23616426184498,1
75,87,24,40,96,86,20,57,59.623431231987595,1
42,5,11,92,49,44,24,3,45.74074242791209,1
0,36,13,12,97,15,24,31,36.91075700177518,1
97,75,52,34,82,33,18,71,81.69344786612974,2
16,54,37,64,82,62,24,97,66.08801839124607,2
60,26,10,23,22,24,28,99,46.66679314312399,1
18,53,51,89,44,7,23,54,54.71882384904737,1
94,87,16,91,35,83,4,26,65.49864176918683,2
74,22,1,38,9,53,8,48,24.5154162714972,0
81,75,13,75,7,40,10,46,63.621467200460415,1
43,74,45,76,62,55,11,40,64.02283153410944,1
47,89,96,68,42,74,11,36,62.12101653945444,1
64,30,24,18,83,0,7,87,53.69806456879388,1
79,21,28,5,67,44,21,39,55.97914933481801,1
85,55,24,35,8,25,4,2,37.67429740114329,1
1,53,35,13,84,9,24,72,52.24247913814776,1
67,41,72,29,50,3,20,67,55.599024081854,1
11,78,32,64,57,44,29,38,59.392113305710076,1
29,80,66,59,97,54,1,63,55.5065926398113,1
83,24,90,21,64,51,9,95,56.99682291896481,1
25,80,95,1,2,79,27,93,53.78146397898368,1
80,23,56,22,17,46,15,79,56.00398666106848,1
46,41,72,45,43,59,17,58,41.929981323779906,1
23,2,92,78,3,82,1,2,28.694699245353327,0
33,34,79,36,16,66,23,51,52.84870330698621,1
53,96,30,28,79,91,8,82,59.89937102520746,1
77,44,13,55,14,22,29,85,55.391950802090015,1
61,71,11,7,16,79,12,78,36.760445850706944,1
94,10,89,22,50,70,6,99,46.39436771842346,1
87,64,56,3,9,58,18,52,37.81487740500109,1
76,37,29,53,25,0,15,11,42.13470851413508,1
60,75,34,44,94,54,15,50,57.913869669327255,1
29,93,28,58,63,86,29,32,62.86823300194245,1
41,53,80,62,97,65,11,84,63.193990785457615,1
12,10,61,39,35,0,12,78,35.81245408970896,1
37,48,88,87,62,29,19,42,63.85676764165403,1
93,12,30,92,24,57,6,39,47.78100890625777,1
43,45,47,11,38,81,25,16,36.25886646157095,1
11,6,12,92,17,44,7,4,20.58928346037721,0
65,64,98,19,84,86,8,31,59.16459866368702,1
97,31,51,25,18,80,1,24,43.99489929758767,1
87,20,55,53,20,26,11,26,46.46079717474465,1
27,1,41,2,46,19,18,100,30.48107737056827,0
45,89,27,36,43,91,22,68,56.79112156943825,1
53,84,95,19,31,59,27,55,51.226203377860756,1
25,81,49,48,36,85,24,18,51.443583502766806,1
27,5,68,82,29,93,10,84,42.40787378545717,1
23,35,3,93,92,42,25,65,53.51923785196092,1
100,98,27,21,58,4,6,51,59.2374098860082,1
75,58,81,55,92,91,7,47,63.578592990762125,1
84,12,8,47,99,58,11,55,55.22474965603895,1
82,14,10,41,65,12,17,84,57.092362500680565,1
96,26,81,63,83,53,7,72,60.671249030653144,1
10,98,31,99,11,2,28,48,62.80153576053965,1
89,17,27,40,95,29,9,67,50.75446025626853,1
6,91,57,6,48,35,12,93,57.06727309330074,1
48,68,19,92,72,45,19,32,65.1030393157897,2
60,93,4,94,24,57,13,90,67.60673917584624,2
36,83,0,32,9,84,13,61,44.54757568052714,1
14,33,8,50,89,35,30,18,42.13151954953441,1
19,83,16,87,45,74,14,97,70.14331944612434,2
83,17,70,50,13,95,4,69,44.289532055478794,1
32,29,30,48,66,75,22,38,39.52452532284852,1
31,21,7,93,5,25,22,21,37.962158537212964,1
93,13,1,83,45,68,7,92,58.73156994524724,1
14,9,48,51,71,28,26,83,46.52914718409737,1
92,18,84,16,72,48,12,4,53.217346794268984,1
93,12,34,44,45,64,5,64,40.54792524337088,1
60,38,6,68,37,29,6,11,36.26601781933616,1
16,7,23,27,84,0,22,29,40.30758446356575,1
15,6,50,54,18,84,7,57,24.456164636125553,0
28,99,19,66,7,73,15,25,55.16524150097017,1
58,8,98,8,15,12,23,51,44.0597559941401,1
15,7,77,57,80,38,26,43,45.32843639319446,1
46,3,34,74,47,26,15,58,44.851343536033994,1
11,13,96,21,3,98,28,80,34.35735425664277,0
54,53,32,55,17,95,10,15,42.83385934001436,1
2,83,14,71,2,69,27,80,63.516789469732515,1
71,74,94,4,82,44,8,22,56.61577238267546,1
5,58,96,65,46,5,2,3,52.09265764315104,1
19,8,31,26,6,24,22,45,27.236643850005095,0
17,78,60,40,22,9,23,30,52.27434621837907,1
83,3,17,65,62,79,28,18,46.30876927561086,1
5,63,64,0,59,8,28,42,42.68549532189067,1
43,41,69,1,82,68,4,87,49.14083969569472,1
59,89,71,45,2,96,19,59,57.607549500483664,1
52,31,57,95,7,31,22,73,52.85119949756765,1
68,64,71,0,3,69,19,15,48.2550395734898,1
81,44,56,79,39,88,1,7,51.204057736214054,1
39,52,82,7,73,43,2,33,43.791406255940565,1
83,94,18,49,66,45,21,78,80.2303396884778,2
32,71,48,43,21,20,26,89,47.70351078680202,1
99,41,42,47,66,43,6,10,59.976924822374535,1
50,45,53,8,66,88,2,48,34.89887230518269,0
74,71,14,76,19,66,13,40,56.469195236493114,1
88,34,32,27,75,20,10,75,50.79161747527574,1
80,16,96,77,42,53,30,20,56.82199375728546,1
85,47,10,66,5,71,28,48,60.35331915581061,1
54,6,64,55,39,7,17,85,62.04729940437171,1
4,17,67,31,77,77,29,46,42.652646096093534,1
49,42,47,65,70,20,7,78,60.24284821316577,1
18,80,3,100,27,29,30,62,63.051947509975,1
89,78,3,93,76,42,14,60,83.58304102411714,2
23,26,27,92,39,50,15,26,31.381097315278794,0
23,42,10,22,46,92,2,100,36.742740647621325,1
25,15,9,59,8,22,6,25,21.467242115136397,0
64,76,16,40,100,25,6,94,51.02421587117293,1
57,24,19,97,84,38,15,99,61.996819415424554,1
95,80,84,95,19,86,6,51,83.36829274546331,2
42,85,64,87,56,97,4,87,65.03370485759761,2
28,69,3,16,78,45,19,72,53.87459303938767,1
4,33,63,32,50,70,27,74,53.26203318238021,1
0,96,13,71,21,92,3,6,40.16381918428286,1
37,69,42,75,97,85,17,13,62.61273371046775,1
93,65,3,35,27,68,29,7,39.85221256075334,1
52,86,9,13,33,54,13,3,36.19301682096412,1
90,89,13,13,37,99,6,84,58.552045745979974,1
10,7,43,69,89,24,3,17,38.774074582222404,1
9,89,46,45,50,36,29,0,56.6540486486621,1
84,77,35,49,72,72,13,94,70.22894547809831,2
10,20,62,82,91,2,4,28,62.68202366577859,1
5,31,72,1,93,50,26,82,46.00688101286839,1
40,76,73,76,86,86,25,97,88.57246025791785,2
93,21,58,27,91,17,22,52,60.631019333240395,1
69,45,55,94,95,81,3,93,80.7951938474848,2
10,69,49,96,100,41,3,97,61.9501314644511,1
84,65,24,50,64,86,7,14,53.65791324578517,1
85,91,49,31,13,64,5,14,48.81787929645918,1
80,11,1,23,11,15,16,37,31.736834015100236,0
91,29,97,18,80,74,12,56,65.43425757599677,2
24,99,37,100,31,5,23,79,76.24285763214768,2
98,57,76,18,81,24,4,18,65.49229614016163,2
32,25,96,45,94,89,22,19,49.86867344035633,1
81,29,50,48,65,88,29,30,51.2629932548577,1
58,34,87,68,77,4,4,27,59.07663043882359,1
78,55,48,85,28,38,20,94,69.18808692965348,2
63,28,13,56,43,9,16,39,44.684843787054845,1
64,62,2,76,97,27,3,87,58.93820964597589,1
62,44,13,57,82,97,9,5,53.011909539111315,1
78,61,95,44,20,19,24,10,58.78297679619907,1
74,15,47,15,94,64,27,81,63.47646873327609,1
13,62,32,21,50,81,12,25,36.92646019122434,1
83,93,45,43,85,88,4,8,65.90057358488427,2
54,13,25,4,52,35,8,60,35.2062578577821,1
32,33,87,31,60,70,26,14,43.314351557894895,1
51,70,100,46,16,48,18,6,57.80321752931493,1
97,62,8,47,34,10,13,41,66.24999766680264,2
86,68,72,82,72,22,1,55,74.38967351860214,2
84,56,33,97,85,75,24,53,80.28766043735804,2
46,68,4,73,8,69,14,59,52.82963106755312,1
79,61,93,8,7,52,17,2,48.88229795018993,1
38,7,6,41,70,78,26,29,37.58887230634848,1
69,75,20,73,45,69,17,34,63.403893354727806,1
64,45,2,60,85,34,28,29,62.27969527885367,1
25,5,47,46,6,29,17,56,24.717015657693562,0
26,41,60,44,35,95,11,23,40.51381733457874,1
6,43,32,41,3,98,28,63,36.115532715516096,1
14,8,7,58,71,3,20,94,42.260838938089755,1
43,100,11,18,86,79,23,66,68.84578627417143,2
48,22,94,52,15,13,7,39,40.59112251161688,1
16,33,81,20,32,86,21,43,30.891385638139987,0
42,44,94,68,85,59,17,59,71.64429735231514,2
61,84,53,87,4,69,4,73,53.48763686067667,1
23,75,55,51,96,70,8,30,45.712341532248615,1
34,77,79,39,89,61,28,3,69.2696061399398,2
37,23,62,95,15,25,18,70,55.322333503374935,1
51,85,44,66,14,81,24,66,65.27631776421265,2
37,83,29,43,69,55,6,10,47.195434551322265,1
74,46,49,2,1,55,7,63,29.163563210345885,0
33,55,6,1,51,32,29,7,29.69527671829399,0
43,3,19,22,6,1,13,64,25.4768666034123,0
38,76,74,23,53,55,27,75,55.09558285249175,1
18,97,87,72,35,34,25,1,67.33231744227392,2
69,47,10,50,71,66,11,73,50.83525237179349,1
23,54,9,100,88,36,29,12,62.240216284191845,1
29,50,8,54,49,98,24,26,44.18088876935858,1
80,8,79,91,64,68,4,71,62.39079732654717,1
95,62,31,55,60,46,3,35,60.476895163733985,1
67,72,33,36,99,71,4,98,61.94659645532453,1
92,93,1,72,23,65,23,96,72.14381559980299,2
86,93,98,45,24,62,5,99,73.97604877052103,2
48,49,43,27,38,58,9,10,23.91665814543981,0
77,96,80,47,74,94,14,17,73.94915447515694,2
33,53,71,67,87,32,5,18,57.7396531773215,1
46,64,14,37,28,43,10,59,47.93429319146143,1
54,60,80,71,11,25,21,43,53.448938427316435,1
97,100,55,99,61,57,30,75,90.74536094902564,2
85,74,61,41,60,99,15,28,54.92082326060652,1
49,12,20,29,37,61,23,20,37.14760825727725,1
65,7,85,40,18,20,16,65,38.199300747589035,1
20,41,94,84,85,93,14,62,58.17807130846607,1
81,52,41,18,85,79,16,69,60.765884769631896,1
55,67,9,98,75,44,29,31,65.01375280633653,2
53,48,85,41,58,14,2,53,49.19965605926564,1
77,51,89,85,26,40,16,93,77.5903165772411,2
63,93,51,79,40,81,2,61,71.19627053955121,2
7,33,58,79,6,58,27,94,55.66242715524599,1
29,49,22,91,25,18,19,43,57.18225804364176,1
17,56,6,18,45,16,2,4,26.46052432637166,0
74,47,95,59,44,97,19,76,64.7224421521803,1
3,97,48,9,8,45,14,46,37.751512328798384,1
20,97,27,30,96,69,2,4,50.04637500629586,1
60,51,70,4,27,36,30,14,43.92261003604491,1
70,45,2,68,51,9,12,31,48.18160276443814,1
50,59,8,61,46,41,1,19,46.7794026038974,1
86,18,24,74,47,70,19,69,61.837235473086274,1
92,43,45,17,85,33,12,61,59.46956152562057,1
13,21,37,33,75,60,20,33,49.14589519145541,1
96,14,18,68,87,44,5,8,44.526906567803515,1
62,9,35,83,38,34,25,7,36.412152164744455,1
64,59,33,89,26,25,13,95,69.00776733753733,2
9,0,52,7,43,26,13,34,19.188998684119618,0
62,65,56,40,56,25,25,10,56.96784654934782,1
73,43,89,1,34,72,17,71,40.021220939273256,1
58,37,81,82,46,34,1,87,55.96473851592505,1
8,77,29,12,15,74,18,12,24.11663550052458,0
52,54,91,83,58,31,20,95,72.92418041947819,2
94,74,52,15,72,33,10,73,61.7226910367023,1
73,71,18,1,53,93,6,25,41.059762469289254,1
13,3,34,88,88,88,2,78,51.55833778613105,1
96,21,74,44,100,40,26,42,70.7414375893869,2
96,57,82,42,91,27,1,64,59.14698218273711,1
17,98,37,65,9,72,18,12,54.15809261367714,1
80,15,15,27,88,7,26,24,49.230528184648755,1
41,10,19,69,33,46,11,78,40.37304140778341,1
59,95,10,43,45,60,7,81,57.81380282037666,1
44,97,70,27,41,68,22,1,57.98731456851752,1
79,16,50,39,28,10,19,21,39.88867925391861,1
100,40,45,0,88,0,1,61,51.06589485485216,1
80,63,67,30,64,27,18,91,75.23363474335102,2
94,19,83,59,97,12,1,68,60.69656529344679,1
95,32,80,13,96,51,12,71,54.87067214294944,1
9,39,13,11,42,92,10,39,24.859755912756896,0
25,64,59,66,73,28,26,5,53.51660125946191,1
72,31,89,43,50,45,30,77,54.35330127127396,1
59,41,78,13,49,21,21,80,53.3931969375511,1
5,29,33,75,74,4,23,44,59.901731307383535,1
9,76,39,78,69,71,1,51,53.978375424738644,1
52,15,89,3,92,25,2,23,42.08146256668928,1
62,23,3,20,78,55,24,45,29.92910985109324,0
16,25,53,37,62,68,13,24,39.77875295464568,1
17,91,11,73,92,84,16,42,61.92019516785875,1
13,95,90,7,10,18,21,13,44.45051103176388,1
57,50,3,81,77,58,11,61,58.61030282841425,1
0,15,2,32,39,91,21,25,23.610729702947765,0
57,76,33,12,43,48,22,73,48.28307242985239,1
48,49,20,87,78,4,8,52,61.69112236067946,1
47,85,50,8,27,26,21,90,63.962812535162925,1
68,36,30,13,89,80,6,22,39.6223511471589,1
52,100,35,95,50,79,10,27,61.824434785377356,1
73,81,57,52,35,31,24,24,63.484519581189616,1
77,22,56,46,33,19,30,63,61.387679170386576,1
92,73,94,69,42,29,2,10,58.78208696421637,1
80,28,48,63,95,24,20,69,70.19134955270509,2
52,35,56,61,10,74,18,82,46.55191324887711,1
49,25,68,2,51,85,19,68,43.59237848827843,1
23,68,17,55,84,4,24,13,52.26401234972662,1
60,26,67,28,47,74,3,49,37.94789826951063,1
14,64,87,81,57,75,23,53,74.54856949741028,2
94,58,32,51,35,61,9,39,45.43548045679905,1
85,75,18,12,13,88,5,47,44.78219706527327,1
12,100,34,89,64,3,14,77,81.71794646552773,2
79,0,27,28,92,70,1,84,46.72313155883694,1
11,100,59,27,52,12,19,30,48.70341788576491,1
72,11,87,94,43,90,17,33,49.880516946507576,1
8,53,60,78,13,50,16,21,41.350247740121596,1
49,34,12,86,95,9,1,40,54.46744746911924,1
66,64,31,66,87,75,23,55,68.96565616453431,2
73,72,69,91,91,75,2,72,68.45982067420186,2
42,86,33,11,36,46,8,27,38.27345524931819,1
93,40,59,60,63,31,12,21,54.591105078119874,1
78,94,70,29,43,1,22,3,63.99551915131064,1
21,32,33,40,23,91,13,9,40.918172743746446,1
67,20,65,24,20,18,25,5,35.400877606259314,1
73,38,40,20,38,85,29,20,39.188253001185274,1
33,53,13,44,55,59,23,70,43.46115822913694,1
74,67,37,92,12,69,2,78,63.63326742745339,1
90,84,44,64,70,70,24,98,80.15195042186939,2
82,22,0,35,46,86,7,55,31.98264071098025,0
77,30,90,43,88,3,27,45,66.02322649733001,2
64,94,53,53,28,100,30,90,66.6709381942538,2
27,44,3,24,5,4,3,14,25.055347687135473,0
80,24,87,52,31,100,3,63,65.87625964077802,2
36,99,86,70,98,26,21,82,88.8951864341534,2
53,45,1,24,32,85,5,50,32.31206890935582,0
31,99,16,59,71,8,30,26,62.460147075072285,1
31,92,36,71,85,46,17,62,61.8995995086909,1
15,91,51,52,28,54,18,100,65.52213838841821,2
97,58,73,29,64,96,26,23,66.92612507019793,2
14,80,42,55,20,12,7,56,46.65339401985517,1
8,97,61,80,36,3,17,5,68.16000389765571,2
94,27,1,22,29,65,30,23,40.96664163331051,1
56,3,66,58,67,4,1,77,53.878564412370814,1
44,32,92,68,88,78,6,50,60.65718201219808,1
74,64,53,32,25,3,5,20,47.537184720734174,1
38,55,45,39,29,98,11,33,35.560692332155085,1
12,8,30,89,82,53,4,12,37.86678044582398,1
73,56,96,36,46,95,6,78,64.59230401336909,1
17,17,3,60,51,12,26,95,42.89118932860344,1
55,51,28,15,71,27,14,10,46.16844837361907,1
95,58,14,93,13,45,11,24,49.82358470785599,1
94,64,87,60,88,2,13,86,86.39035001678215,2
36,41,48,76,36,10,30,88,64.57764801893977,1
78,41,93,60,66,33,15,77,62.42733544698101,1
61,68,67,35,43,74,15,72,57.775912858870335,1
48,75,56,34,76,71,28,86,73.72864545591023,2
14,81,52,70,61,8,2,37,49.00580475608066,1
38,33,20,86,17,6,15,90,45.034298568250385,1
65,42,56,12,18,66,23,89,48.20301827128104,1
99,33,69,85,88,36,16,23,83.10998438259317,2
0,53,97,83,52,80,27,7,53.68453149576301,1
72,12,55,11,27,30,27,52,45.29164399751296,1
85,43,94,10,14,36,11,76,53.51081244560812,1
96,19,95,70,12,22,25,85,62.70288059840673,1
42,53,52,85,92,26,8,14,61.786800110709244,1
11,85,44,39,98,71,8,38,52.27299202743028,1
27,99,14,64,39,47,30,77,63.63317125930093,1
85,45,27,100,20,66,1,6,39.5823685833612,1
88,5,88,32,42,7,11,73,51.75338259080207,1
64,23,13,22,13,54,19,29,37.0045610397353,1
12,10,40,100,55,46,13,2,41.44455464867811,1
12,76,70,28,63,91,26,24,59.65304656493457,1
48,99,24,47,99,42,8,74,71.79196467567009,2
59,55,98,44,32,10,17,87,64.72275216201868,1
3,17,65,52,19,70,4,8,22.62244668195909,0
69,2,2,27,13,15,7,46,23.142417707831573,0
54,98,24,68,38,91,6,20,46.656937156377275,1
1,31,74,69,60,38,23,69,53.27752665941004,1
9,11,87,20,6,79,7,78,29.905992551384923,0
45,17,93,48,76,66,21,97,70.97252658679541,2
72,25,85,5,46,46,11,35,46.34992193967326,1
83,66,7,22,80,58,17,30,48.24087611917213,1
43,90,73,99,46,18,27,31,68.90379034688718,2
29,27,11,51,15,7,26,76,41.050687476772566,1
97,69,7,62,2,77,1,44,52.740586680966494,1
46,6,69,89,56,96,24,2,48.11630197983368,1
31,1,48,72,54,87,29,95,54.79190505003358,1
44,5,65,80,82,30,21,10,51.803247304486874,1
1,93,85,71,88,36,6,93,76.9720026082936,2
30,58,6,50,16,36,20,16,29.696451863766036,0
52,81,53,63,31,70,20,54,72.1950927208766,2
92,2,84,29,20,62,20,31,37.01509931065774,1
74,2,44,89,10,80,13,69,51.48239397837866,1
78,85,52,18,0,95,16,40,48.32689603198627,1
55,10,50,89,8,39,20,37,46.015032597798594,1
11,15,91,88,52,66,14,48,49.59338856417911,1
39,52,5,14,15,50,24,98,43.18362751030896,1
100,61,88,71,19,96,22,24,69.25514725968537,2
4,23,82,99,11,35,10,22,49.960169070938406,1
88,44,82,57,73,18,19,6,73.50769329558428,2
69,68,41,34,64,38,23,74,66.16092928066021,2
28,44,52,88,97,62,15,68,75.00204543500982,2
78,38,37,51,11,96,22,61,49.75783525693487,1
84,7,25,12,21,83,4,2,28.934642173517545,0
4,45,88,25,46,1,12,79,51.08231803743688,1
10,81,51,68,65,51,22,81,62.8047722114478,1
67,63,73,45,13,16,27,95,67.35740492627907,2
100,90,10,21,21,36,20,93,65.15903126505475,2
2,12,79,80,42,95,20,26,42.42681121158435,1
67,1,66,12,1,99,11,71,32.92713910798533,0
13,55,100,22,39,15,22,40,56.22217775596137,1
65,18,13,47,76,14,11,60,47.08976114802464,1
62,59,54,3,53,70,2,33,24.05667398790512,0
9,91,51,39,43,41,8,66,63.15962090896022,1
68,34,54,91,49,43,19,96,65.85445141867802,2
90,55,5,95,95,88,29,65,70.39031867500623,2
87,68,47,88,52,92,15,93,67.2753382260831,2
2,15,30,32,53,90,26,94,36.29132458599813,1
24,90,62,6,94,79,24,12,52.603513012098105,1
24,20,23,82,15,99,17,97,38.74794321669185,1
45,81,43,37,9,72,25,82,52.20724238093255,1
14,66,62,75,45,89,13,43,57.408456944358925,1
86,14,6,12,32,54,14,60,46.68218064601861,1
78,73,79,67,20,5,23,62,77.0534295880894,2
81,19,72,59,12,82,20,79,60.34558910852742,1
20,60,5,92,88,93,16,81,58.425539811319574,1
1,96,6,10,62,31,13,10,40.37799219330346,1
91,96,85,41,69,43,30,0,79.38889442538172,2
29,87,28,99,11,57,2,24,47.99265263814338,1
66,49,86,39,34,65,2,53,48.635619576705295,1
91,56,50,66,62,68,15,85,74.50731174999845,2
3,30,34,16,53,39,2,65,36.42175653060065,1
0,93,27,73,70,86,11,13,53.444461617091555,1
0,48,66,27,67,82,18,72,39.97905691532763,1
15,77,11,57,41,95,13,47,44.11644810069405,1
5,36,40,88,79,58,7,37,40.042013192964774,1
82,74,34,66,26,7,9,77,64.53121445900835,1
61,22,15,47,8,85,19,29,35.71241866762851,1
98,74,35,19,92,8,29,62,70.96573747377333,2
80,4,53,34,2,19,24,18,39.35026733429923,1
97,10,68,85,28,28,17,38,60.15140743450304,1
24,35,8,21,11,18,5,56,27.94117225744274,0
29,48,88,66,23,73,8,62,44.62081824621842,1
85,71,88,48,39,44,14,92,70.15041404692383,2
24,36,69,32,13,22,8,29,38.0590578695976,1
5,1,93,72,47,0,21,90,62.232270627835995,1
67,32,43,36,93,21,11,82,55.9684454985678,1
80,44,82,28,13,69,26,36,55.99504120268867,1
97,54,73,53,93,80,9,14,70.00891147154294,2
93,65,56,76,41,29,15,26,65.44023380976465,2
12,25,18,87,59,7,22,66,58.260446484924046,1
77,61,56,63,44,56,7,79,70.11304298858539,2
85,63,91,66,31,79,23,61,79.19230840436714,2
70,78,99,79,11,7,18,73,78.03059301391318,2
82,52,45,27,59,80,20,10,65.21082349794523,2
84,81,25,25,92,17,14,51,61.31830132341394,1
45,22,75,48,52,26,29,88,71.91446551707364,2
4,71,7,63,60,62,24,39,55.079796931950604,1
46,4,15,65,65,5,6,90,53.01232399816031,1
20,10,56,15,39,30,17,12,26.43977347274973,0
11,87,100,78,12,14,28,98,79.12684821778257,2
12,47,33,36,51,21,9,79,52.23184498198617,1
70,62,44,88,87,78,17,63,66.12584813765676,2
50,60,32,73,31,23,23,62,59.10004230910748,1
54,70,44,99,88,4,9,94,65.08248387061289,2
75,24,0,63,86,21,16,38,51.130002138905056,1
55,18,60,53,24,8,17,16,38.21395083923948,1
63,4,60,18,58,62,6,92,40.1733938721996,1
8,87,31,40,75,98,6,10,62.57186014562796,1
85,22,26,86,49,16,17,66,69.94682104078319,2
45,58,76,38,70,73,6,26,43.263314779796204,1
15,45,18,5,91,36,29,93,52.644429809596424,1
82,16,4,24,63,7,16,98,52.66358652235543,1
74,41,4,60,84,69,22,47,54.92261747977246,1
5,8,89,63,80,21,12,53,50.0398456189513,1
19,17,36,99,82,51,9,45,51.97589324448999,1
1,14,10,94,86,51,15,42,36.37033176282883,1
27,83,88,53,22,60,22,94,59.91202387548311,1
10,57,15,56,1,13,12,28,36.52378031064594,1
71,93,34,80,15,25,9,96,69.9964151678906,2
52,44,2,4,25,74,5,65,25.398623707496384,0
99,20,68,60,69,94,17,97,60.60374316087694,1
75,61,70,47,51,1,21,61,66.97132450197276,2
61,93,76,79,47,41,16,82,83.86690571789963,2
51,53,26,80,0,89,8,49,44.69108537431877,1
5,1,33,66,69,28,8,46,45.686384983813895,1
7,30,94,66,36,45,12,26,41.165076714024636,1
62,93,82,69,76,91,11,21,72.59865880872896,2
0,52,3,58,11,97,7,3,22.92422742537596,0
4,96,69,23,29,66,29,38,57.50776567847866,1
22,51,82,28,5,70,10,99,40.49047270664883,1
89,1,56,74,28,62,8,94,63.544386523962544,1
46,88,64,62,93,28,19,69,66.76632558154395,2
71,77,0,24,49,89,25,36,61.43288143808148,1
41,72,3,88,44,3,14,52,59.499930814653005,1
17,97,3,99,27,5,21,76,69.09454749048146,2
37,19,16,63,26,60,3,0,35.877149418551745,1
9,91,100,23,67,84,16,93,69.54596897099641,2
77,23,64,94,99,82,2,87,63.05983867324164,1
18,98,79,23,75,68,5,98,66.72053733157561,2
38,19,29,43,74,38,18,9,51.374843835807695,1
98,55,94,86,47,36,7,95,72.42624972703507,2
59,79,20,52,9,42,2,61,61.390571067163876,1
46,7,91,24,73,25,6,56,47.10421491581138,1
54,6,3,8,81,42,24,18,30.35063336847846,0
79,85,2,36,51,10,18,49,54.100263692350474,1
25,6,7,67,9,32,12,36,26.710277553550352,0
64,61,79,72,72,95,30,99,66.99833001357703,2
88,94,26,22,93,71,12,34,61.23853318564728,1
57,62,45,16,22,14,27,22,46.53243653686633,1
45,48,47,70,16,28,11,95,48.433518105325476,1
14,42,79,16,74,26,1,18,43.45707116942616,1
25,64,35,6,33,28,4,91,39.387402273263675,1
95,57,0,49,72,69,9,97,56.72523273231344,1
54,50,39,57,71,90,6,31,48.10799638958874,1
30,15,29,24,26,71,5,69,29.79064483989508,0
42,66,73,21,4,49,12,80,49.05932726280197,1
58,74,75,23,56,16,30,54,62.13414947147454,1
54,71,9,34,41,14,7,70,50.23392084424267,1
70,7,80,0,86,82,8,13,37.62594425460246,1
26,70,7,1,36,68,30,52,34.203214661107125,0
65,73,62,37,25,51,7,51,52.03897183895644,1
44,18,39,2,86,58,25,57,46.29602962252533,1
95,85,30,32,74,85,19,95,74.43282955937904,2
15,52,48,58,62,82,28,83,56.77021400557963,1
14,47,31,3,96,8,17,60,49.15063676871586,1
46,72,80,62,79,39,18,40,63.350267018092275,1
51,51,97,62,87,4,7,40,60.426072970840046,1
69,55,82,57,80,38,18,2,62.61247022023791,1
40,31,44,63,40,64,21,55,58.42539681652281,1
92,93,50,81,6,21,30,25,74.52950975922921,2
47,97,45,7,61,15,3,89,56.23780514200536,1
13,13,80,17,77,49,5,78,48.984828007239884,1
12,74,55,32,100,53,1,92,55.40836938877877,1
98,2,47,69,68,72,24,100,76.66839942371597,2
13,37,41,88,57,1,3,40,45.19230125827552,1
95,97,37,92,58,25,28,43,78.2196276244922,2
28,17,55,58,11,78,11,61,35.95182815088875,1
9,38,69,41,0,68,9,43,32.0854944349779,0
30,22,43,41,4,90,30,28,30.0336801419043,0
62,73,81,6,91,82,22,71,81.47184446895062,2
43,46,83,46,79,84,17,45,60.04175940683151,1
79,59,43,51,26,51,27,95,67.5654974420295,2
61,95,91,21,42,96,23,22,59.65872439717848,1
40,52,17,77,48,42,20,44,50.553983691529226,1
64,74,94,82,24,91,10,53,73.00335013430622,2
98,9,29,30,42,39,30,91,43.09494936446143,1
41,21,56,92,35,44,22,58,48.5528131632578,1
15,95,28,10,70,69,29,6,48.18614896635467,1
41,86,44,91,76,40,29,34,83.35628383380588,2
84,66,34,77,9,14,17,89,63.72289816218316,1
21,38,71,22,46,90,11,27,39.436909343645176,1
95,20,8,65,100,45,29,34,61.37637207632856,1
59,86,84,31,87,93,30,15,77.29755047762086,2
60,79,91,80,80,40,4,72,67.5116618907225,2
32,24,56,16,74,98,20,14,42.05577922233665,1
92,59,55,24,0,60,19,37,48.506606421544426,1
3,62,70,31,98,77,23,71,64.38930516351645,1
30,48,20,20,74,76,30,90,46.66430736339811,1
42,93,75,33,89,20,8,22,64.05635841917703,1
48,12,22,60,91,82,30,33,49.5249597345239,1
47,26,68,63,25,95,20,11,38.02538717207753,1
14,9,30,55,1,66,3,44,15.317521922318218,0
22,69,75,19,66,95,16,100,53.59753182882115,1
9,65,79,20,46,85,5,30,41.429586773969994,1
57,99,21,92,2,67,29,26,60.308526654173036,1
35,54,62,25,27,48,23,40,44.839558621833085,1
57,15,50,10,100,86,28,90,41.665215873098575,1
59,45,29,45,36,18,19,55,48.456100477097614,1
70,8,59,0,26,56,12,61,40.091519879750045,1
55,67,100,34,66,82,13,78,69.6610819558205,2
65,68,0,86,67,95,29,72,67.71846837783714,2
59,86,96,27,33,26,5,60,62.641916350084976,1
65,34,86,71,85,9,27,56,67.83043762643507,2
62,31,53,49,58,33,13,53,62.0866320997484,1
31,7,61,35,16,87,18,18,41.78657503908343,1
24,41,37,66,32,52,21,41,47.62894178423584,1
79,48,13,60,85,5,3,85,76.47411501636896,2
34,76,57,32,9,12,5,3,36.92890577078795,1
55,76,82,22,1,34,5,83,45.08352455958628,1
19,14,23,92,66,34,24,57,46.9722574754353,1
43,28,72,17,44,13,3,35,36.74305840955005,1
53,51,75,96,25,49,19,11,73.94239930721778,2
63,33,76,47,47,48,4,77,51.35304523556424,1
53,2,34,100,18,20,24,0,38.862065123175874,1
36,85,39,35,37,23,30,54,54.29924684253537,1
97,73,42,57,23,67,13,16,64.24013267225968,1
51,52,86,62,59,96,7,91,68.53381048985422,2
81,32,90,34,68,100,14,18,50.20713088187834,1
74,85,41,22,92,56,21,81,58.94529530353706,1
56,3,97,52,6,3,22,57,41.6384387317443,1
89,45,57,66,33,90,20,4,65.33746302499725,2
12,80,38,26,26,96,18,72,50.05284730729682,1
93,96,0,77,58,28,19,88,77.62276825334982,2
85,25,61,64,53,40,7,22,63.37299903890635,1
50,65,65,16,88,2,7,97,73.88995763686911,2
74,19,97,94,92,80,28,80,77.7643623882322,2
52,11,72,4,78,78,18,74,44.75456943681001,1
27,35,2,66,20,2,26,33,38.35771990732755,1
80,89,57,44,4,70,19,12,55.00238027508919,1
24,69,75,66,90,41,14,43,56.67205014519928,1
31,49,50,78,95,55,18,81,57.63768174289564,1
52,28,43,69,25,22,21,59,41.23404678656459,1
84,14,81,65,4,82,6,65,54.216022041516666,1
38,27,61,84,68,40,14,78,50.61158666252462,1
49,15,68,70,59,84,22,34,63.589773792236926,1
4,18,46,82,89,14,3,3,37.58773265280357,1
11,69,28,40,58,59,3,89,57.84409944069521,1
5,13,52,20,76,31,5,61,31.629673942807152,0
7,4,96,23,79,97,18,57,31.262879374477134,0
87,54,60,61,0,56,8,57,62.01267338839282,1
85,28,71,53,14,72,14,86,62.85119376579935,1
83,45,12,7,78,8,5,77,43.323693998397935,1
5,14,99,20,18,68,8,67,30.1800864004153,0
7,21,24,97,20,10,1,78,35.01522438063413,1
28,44,98,73,75,36,25,29,64.38683983325369,1
57,69,45,76,20,22,14,71,62.65697488464512,1
33,41,92,19,15,0,6,98,44.82170164530743,1
49,54,90,6,1,59,16,23,29.606651627654884,0
17,52,76,29,47,24,28,57,50.314724109459874,1
73,27,92,86,64,51,25,68,76.25111258132425,2
31,28,61,51,73,77,27,52,52.206602744424515,1
6,42,85,79,91,17,13,97,64.96535623462975,1
75,3,17,49,65,71,11,40,34.47534072981542,0
91,69,7,49,76,30,10,22,54.35969178481429,1
1,62,54,60,21,33,10,13,49.81368863949176,1
44,30,81,96,34,58,28,85,59.87133645918736,1
83,37,77,44,30,63,5,69,57.384938580111374,1
71,33,53,60,6,66,26,58,52.72233132542115,1
86,65,52,92,97,19,28,43,84.8288639787284,2
41,76,61,37,24,58,26,41,51.23586231391229,1
37,10,87,84,45,26,19,94,57.8893358037125,1
71,41,85,54,36,27,26,68,64.76567891896825,1
15,1,11,88,4,95,1,97,26.475998212344827,0
24,45,60,47,91,10,25,80,65.2285926242193,2
60,25,38,63,22,41,16,77,51.99463409673842,1
67,33,80,32,10,44,29,55,65.21623974171952,2
12,46,51,64,34,24,3,24,42.399140176174235,1
51,32,100,32,14,79,28,66,40.76654406688697,1
36,39,43,61,100,49,18,72,67.57811448503207,2
50,77,68,79,19,72,4,52,57.66677615018284,1
96,81,10,43,30,39,16,2,65.63155217762112,2
7,0,94,43,27,90,2,96,43.41554671503185,1
100,38,15,32,2,73,3,83,38.14839569773059,1
45,85,38,73,1,33,16,35,60.13141670322706,1
77,53,84,59,51,97,25,49,62.94626911351266,1
42,20,97,52,23,87,4,12,38.20614495848817,1
31,59,48,2,8,59,8,94,42.27590888612372,1
77,14,48,11,29,1,12,23,42.31800123627906,1
69,2,4,0,27,59,17,38,29.27123497331744,0
14,63,98,85,42,69,1,43,57.14993779147697,1
71,52,1,86,100,36,20,26,79.50054340048729,2
76,76,2,6,30,14,15,64,45.919877560837456,1
39,34,47,4,71,57,29,100,41.65679620980421,1
93,86,0,78,77,80,10,86,63.94180422874405,1
64,42,16,53,5,32,15,53,52.55404638073406,1
33,74,63,31,50,46,3,13,45.74008248091917,1
1,10,71,62,45,0,28,87,51.974344988324546,1
68,9,30,23,51,71,26,25,35.24485672045398,1
21,79,80,20,17,87,11,92,47.843785124204864,1
76,84,61,37,46,78,14,39,56.50742483430423,1
53,95,23,90,12,43,26,52,70.22690487998052,2
47,32,71,77,95,4,9,44,62.035720494777394,1
16,2,59,19,59,49,8,46,32.460032266820406,0
71,98,82,56,3,94,8,16,60.8466303119049,1
16,60,15,89,51,8,22,55,55.384727598202616,1
42,24,23,96,93,21,7,40,46.107616248183284,1
84,77,30,77,75,84,3,85,60.535202424003856,1
92,91,34,13,27,57,5,48,70.8799095501704,2
99,28,89,24,90,17,30,97,82.67904066653986,2
96,77,73,22,18,2,27,29,71.76109540134729,2
56,79,54,15,24,41,29,33,50.172359158078635,1
20,50,54,17,15,60,9,3,29.547058402578717,0
84,63,89,31,93,84,14,74,65.95782324570098,2
80,27,45,56,72,89,15,7,42.16750742900466,1
100,93,22,40,52,46,16,28,60.50735887774579,1
65,99,13,42,67,42,1,91,71.06710978057747,2
14,99,33,24,26,94,18,61,53.61447220154382,1
50,74,65,15,7,78,2,56,36.82971199026787,1
45,4,47,100,85,21,9,81,56.82110369905515,1
85,37,42,60,97,68,9,77,68.30473903161948,2
39,44,48,23,3,72,21,89,39.40417162887597,1
33,96,98,81,5,23,27,67,75.36751746899638,2
8,55,100,83,56,98,21,45,64.27108468238887,1
84,54,16,97,4,29,14,13,56.155583311064795,1
76,14,11,16,72,55,16,37,40.05487256614171,1
4,80,24,64,95,49,16,71,57.77781695730494,1
43,33,86,99,28,69,5,25,49.27415247488712,1
48,9,46,81,29,91,29,67,43.90810089087625,1
47,99,87,22,87,39,28,13,61.211980438986366,1
92,19,65,90,35,38,8,6,52.88150754985862,1
15,1,55,42,24,75,4,36,29.597557687523153,0
30,7,28,49,8,96,5,23,13.558305635076323,0
18,45,34,56,84,91,19,88,56.567839464745546,1
24,10,14,77,93,76,1,38,43.74778728030037,1
91,85,52,12,7,71,4,42,37.849597387071924,1
95,51,28,54,81,77,20,40,61.00651339918269,1
4,32,29,82,16,94,5,32,42.56726120275024,1
63,0,3,55,14,1,3,92,38.041646106544235,1
23,48,80,27,38,59,1,74,32.40725710562627,0
19,15,94,5,44,3,22,16,40.69003677446966,1
29,98,50,55,86,58,11,21,58.413579234630035,1
19,29,54,71,70,39,9,8,48.87784158055656,1
49,47,93,55,14,30,20,25,49.64950940039536,1
100,1,51,98,58,89,6,66,57.161805333528214,1
59,13,62,60,88,71,16,94,56.314743388622304,1
73,20,43,51,66,57,15,48,50.86894633643104,1
49,5,51,5,23,89,21,8,21.896318956533925,0
1,73,52,56,13,9,19,4,43.498770550673136,1
8,95,71,17,45,65,21,41,46.37636995013594,1
27,99,61,73,47,15,7,26,65.92395757248394,2
24,26,50,16,35,23,5,58,33.791711251863546,0
84,79,7,91,11,18,17,11,49.970806955375096,1
85,50,91,30,11,54,2,23,53.01749996121156,1
86,4,89,43,53,63,14,56,51.21227224207302,1
64,9,18,14,95,76,19,28,39.63057437741546,1
56,55,29,21,60,44,25,36,54.95737003217512,1
65,42,98,93,44,94,20,22,67.0294534541599,2
41,0,32,28,94,37,30,5,47.3012189507654,1
67,93,82,51,69,15,17,34,72.40022686676753,2
80,73,79,99,72,3,14,33,86.59657631736223,2
77,50,86,62,58,12,8,90,70.41754770684392,2
61,99,1,4,77,44,21,90,64.54580054704014,1
5,98,48,36,50,41,25,43,60.00177503678742,1
73,98,57,39,62,86,10,29,70.97438195185715,2
37,26,84,27,62,12,3,42,48.13847424135576,1
75,88,22,24,76,26,1,61,55.762327118140924,1
54,50,30,50,90,99,19,39,51.472397736000914,1
88,73,18,38,29,2,20,76,61.051475114431014,1
34,86,76,29,70,42,4,97,58.84939135352451,1
94,16,100,41,3,20,1,40,39.16684679204193,1
85,45,14,34,53,53,20,11,34.43168518421175,0
33,13,23,23,90,98,12,12,22.024423453027744,0
48,28,31,45,65,22,13,88,62.75243816666914,1
53,41,89,95,27,37,8,42,55.830998502221334,1
77,86,45,51,61,45,22,33,79.56076179892689,2
69,87,28,60,36,80,23,62,67.32892760693348,2
86,39,32,99,43,99,2,96,60.85145187018337,1
37,33,60,61,23,9,3,42,34.1963692990726,0
50,53,39,22,63,49,17,31,47.45801337345629,1
43,92,14,40,20,76,19,87,66.45310260180938,2
91,98,82,49,44,0,5,8,77.93582046410042,2
30,22,42,47,94,81,5,85,48.96543191618547,1
59,18,25,15,76,24,21,52,36.87798980456991,1
12,71,73,10,41,52,14,2,34.62700792850508,0
85,30,75,35,97,98,4,23,47.74444893964523,1
38,20,15,92,1,64,19,68,50.768929564176204,1
34,3,7,72,96,99,3,76,51.180322616652546,1
58,40,4,85,35,60,7,19,45.00535700980552,1
50,39,77,17,82,21,22,66,56.141517386861075,1
85,56,63,41,95,69,7,99,78.1822629799659,2
53,20,79,58,60,62,2,69,44.87855875481028,1
52,72,63,43,61,31,29,70,69.0909399656022,2
10,68,40,42,75,7,7,19,50.20779599727679,1
2,46,59,36,24,65,16,64,35.2831963569416,1
40,18,72,5,17,58,25,71,34.774514671652156,0
100,51,40,86,34,78,30,11,60.4475745248744,1
92,68,92,94,48,12,25,31,90.10036113592851,2
63,37,90,8,75,54,11,89,67.37620366234253,2
63,26,80,41,25,82,26,100,56.97875518141937,1
39,51,100,52,57,90,1,17,48.44068847774327,1
17,35,39,79,0,94,10,73,36.55095355004023,1
0,40,11,99,3,21,6,50,38.160477880701976,1
34,35,48,42,97,17,16,59,51.618669491379265,1
31,30,75,75,85,58,27,51,62.56781854586868,1
19,72,78,94,87,46,24,87,81.69939693802354,2
26,46,39,83,33,23,30,44,54.1981223432578,1
2,47,29,29,51,10,5,59,35.81247162431542,1
61,65,44,82,68,14,23,67,71.86727308956617,2
93,36,81,41,25,34,22,55,57.29461939164317,1
69,10,6,1,75,74,14,88,34.701312737902725,0
45,86,33,76,69,6,3,23,65.92317961762083,2
42,5,23,84,41,10,4,95,34.91558382614135,0
31,57,81,34,43,26,28,68,68.91567915400759,2
14,26,47,45,31,88,9,96,39.71317677921798,1
60,21,8,36,81,100,20,37,45.84010545591909,1
57,4,26,11,99,44,29,48,48.790466698893255,1
0,90,4,100,100,4,15,4,58.44164503981657,1
41,43,48,2,77,1,7,93,42.70384866292456,1
28,34,100,56,35,86,15,82,47.72638429207704,1
17,74,57,1,78,44,7,29,42.75759182102847,1
71,3,87,69,24,7,6,5,48.225228149306176,1
53,57,75,90,90,84,25,70,73.74742784867506,2
64,49,89,64,27,53,11,67,64.05758984106983,1
72,55,31,61,40,35,21,53,44.8324726868328,1
99,12,96,83,9,45,22,15,55.346596788148496,1
81,96,24,98,8,22,17,92,82.35282420566938,2
62,24,44,87,39,94,17,43,50.98417226580239,1
88,68,68,23,55,79,6,73,54.765138183003,1
48,75,28,56,1,20,16,86,51.26894066717443,1
99,34,26,82,85,74,23,55,49.761864621590725,1
76,13,13,29,11,18,6,9,20.849188177528475,0
65,29,0,68,100,45,7,89,62.7434482350755,1
91,81,50,2,27,75,21,67,53.6743833986226,1
52,91,99,88,38,3,30,90,84.81273382799266,2
72,94,22,62,16,73,12,61,45.95912687778154,1
28,22,44,75,83,22,25,91,51.46497324132463,1
97,61,94,83,73,70,6,87,86.88029507159851,2
62,15,78,22,7,50,18,21,40.203764483969366,1
78,71,0,45,10,2,29,17,44.175365811363406,1
46,42,50,86,61,76,14,16,50.62656565056068,1
87,72,14,16,87,26,16,80,62.59496594200731,1
7,69,24,83,11,96,5,24,32.66323360705947,0
11,100,24,29,22,84,16,45,33.3851366989184,0
51,49,61,58,55,19,18,79,61.584737675363385,1
73,34,20,51,10,60,30,43,50.60565137303946,1
81,53,25,69,30,36,7,6,52.70114391837973,1
44,16,22,84,1,60,11,36,41.57142431325288,1
65,11,36,35,50,56,20,9,29.008656429321057,0
55,52,66,17,72,29,29,38,58.23741145896163,1
97,83,40,42,41,65,8,74,62.31929181462526,1
66,53,33,61,25,26,21,52,55.35667588701685,1
42,78,52,75,42,91,27,68,66.03931019819518,2
97,17,62,76,51,95,19,10,51.11731091635491,1
10,45,1,34,16,16,13,75,15.79325727470637,0
99,61,89,94,11,73,8,42,74.86097412342403,2
15,35,92,8,18,93,9,28,32.46994099285053,0
29,1,60,11,99,12,2,65,28.794261274780958,0
82,7,58,2,73,74,5,13,37.32878991795653,1
74,93,70,93,12,94,14,50,68.31617115799118,2
98,61,44,18,30,22,5,42,47.556166101493616,1
75,26,36,60,41,58,1,16,36.609512391065806,1
64,26,35,82,18,80,21,96,58.41158283591359,1
34,3,16,77,86,33,3,36,35.59105857090281,1
0,95,84,95,94,24,5,4,62.3089918834564,1
12,10,32,5,24,40,18,44,29.730468863635974,0
30,76,28,41,1,33,28,97,53.38671154139965,1
4,24,97,51,26,73,22,67,45.345081660046745,1
51,33,51,70,58,37,1,64,55.98478472166,1
78,27,62,62,81,38,6,90,58.66447979492294,1
97,83,24,56,34,95,23,8,57.421080964118694,1
49,3,28,30,27,58,22,55,35.79429161833701,1
88,35,73,10,25,93,12,32,33.20173438521741,0
99,28,45,43,0,71,29,68,53.57659428060928,1
86,27,14,26,1,89,27,86,38.365731244911785,1
46,19,84,55,43,19,23,7,54.322835554730894,1
32,92,40,80,62,94,23,15,67.31997996109945,2
98,38,67,55,1,95,24,96,62.97729014185018,1
24,42,34,58,20,4,5,49,30.618248108672663,0
41,38,56,4,91,35,22,31,47.059627628957074,1
7,99,78,65,99,41,29,15,66.74640063751434,2
80,34,89,44,64,42,7,35,56.21881658213785,1
65,34,20,12,52,78,1,0,14.898321938661574,0
8,33,67,21,58,70,11,22,25.70500638974854,0
22,33,92,78,37,21,9,18,56.894201653041115,1
56,9,64,92,20,61,29,8,52.28431905603937,1
54,61,14,51,37,98,14,97,50.517104915122,1
81,2,19,98,70,44,20,79,54.67754006388267,1
26,22,20,18,66,93,30,94,36.35447649447744,1
93,20,10,30,68,65,24,24,46.920934530531156,1
44,29,76,93,61,93,23,29,57.84820614244592,1
83,76,97,17,6,91,30,28,68.61988309990366,2
24,60,52,66,63,1,21,56,60.5314176799379,1
3,100,60,22,88,80,7,18,52.0623229534672,1
5,35,78,33,65,19,22,23,37.608979191667785,1
37,93,41,48,58,83,10,98,61.075804648937165,1
96,4,47,36,22,81,10,35,38.571948430407915,1
4,50,59,88,80,26,20,78,62.80328573272087,1
37,80,30,98,45,6,10,23,58.54622879855461,1
11,53,6,50,26,42,1,93,40.08145775369194,1
94,94,57,53,49,30,30,70,89.61893968936593,2
68,31,83,5,12,55,18,87,47.279816221846964,1
77,3,7,23,93,8,21,52,52.18511770083883,1
72,78,21,4,70,4,25,91,66.80961426511269,2
66,6,26,86,32,44,20,36,53.34612024800711,1
78,77,81,22,80,77,19,48,63.89168045992019,1
0,74,50,34,5,31,24,6,38.88843503009358,1
87,85,53,85,38,32,9,17,66.96335857541202,2
74,48,65,72,65,16,25,77,76.46766341938385,2
74,90,27,62,2,28,22,33,64.88447693327117,1
39,17,72,3,71,30,6,10,34.400337146671355,0
80,43,3,56,82,26,5,29,56.20023946425518,1
38,12,11,56,60,34,27,35,39.260011138111764,1
4,77,82,32,20,28,27,72,61.56226531739475,1
91,72,66,75,75,68,30,9,82.19485665311521,2
23,81,17,93,34,34,4,2,53.52497807554798,1
10,77,44,26,74,76,27,73,57.785018700887285,1
62,31,5,33,63,61,26,14,46.5899399944298,1
23,6,67,32,9,64,24,42,27.345973208569063,0
86,93,76,84,10,58,15,68,76.62017358616126,2
44,49,28,7,1,93,16,51,33.56306286095073,0
0,9,35,90,7,25,13,12,23.002906021091093,0
96,93,23,78,30,99,1,72,68.15750551763713,2
51,100,39,48,2,20,16,4,45.26708764590911,1
26,44,27,58,94,13,8,23,46.44249021254341,1
68,77,24,90,92,83,7,11,65.09856575565777,2
53,3,43,77,17,90,2,51,31.495581692203164,0
2,9,86,27,31,9,14,69,37.195324231721905,1
76,27,77,5,74,60,2,65,47.369341942617325,1
40,66,30,66,66,51,26,14,53.21891016384696,1
70,13,95,14,58,22,27,34,54.83784675294599,1
90,3,21,8,99,52,25,14,38.13506098016261,1
61,67,91,99,63,69,10,34,86.03784624840816,2
67,77,31,47,67,57,5,23,54.33312706001637,1
25,74,54,65,50,52,16,74,54.45223513005981,1
24,80,20,21,53,89,21,75,44.123949402717365,1
41,81,76,10,29,22,1,82,58.36548278818981,1
86,60,32,6,52,63,26,20,47.96509010168928,1
52,52,88,35,92,31,14,1,49.507417153020185,1
35,86,8,0,38,98,25,3,43.3422764827666,1
78,35,50,42,13,25,3,85,45.136556673331505,1
86,9,16,32,60,88,13,91,48.5205170667161,1
91,75,89,53,79,63,14,21,77.77339615393677,2
30,27,42,59,96,21,2,88,54.54678123285127,1
71,98,68,31,54,76,22,53,83.56544437411199,2
59,41,88,45,79,24,28,18,52.92154504240065,1
45,86,54,7,25,26,17,31,43.96229954836914,1
40,4,5,30,42,34,12,26,24.524299972376255,0
11,66,22,98,42,68,20,77,72.89704117164872,2
27,45,21,100,33,39,11,19,58.178014820613285,1
55,46,92,49,72,57,11,18,64.60214520436348,1
89,26,91,94,89,55,23,72,74.37525635552453,2
87,98,48,50,32,19,18,30,63.734911561377416,1
18,39,89,12,13,23,8,25,28.708639789157274,0
68,85,24,87,83,30,13,81,72.04943867175542,2
8,42,68,41,85,22,26,94,69.34622764365585,2
68,4,39,61,94,92,16,56,50.217397259624946,1
34,88,24,65,25,38,3,83,54.66101101213634,1
45,18,25,31,72,40,26,84,53.40632072154059,1
72,27,42,74,72,67,23,59,51.35883215579616,1
42,86,34,50,79,79,9,83,63.40587492761483,1
81,90,21,37,81,69,29,0,57.858769627962474,1
53,92,33,30,96,55,29,3,62.09351047665008,1
100,43,12,75,48,98,30,89,63.05147583624472,1
64,76,97,25,7,90,12,14,46.42211552381246,1
29,33,38,12,19,20,28,73,41.51349084023819,1
78,74,10,89,89,16,25,42,76.84728041435507,2
41,50,58,33,85,39,27,79,61.29107646459609,1
53,5,89,64,1,84,17,67,47.27410605794694,1
13,42,36,72,37,97,9,7,31.9783127548787,0
12,47,85,84,24,70,7,34,52.97951521423658,1
58,25,61,63,32,69,29,71,55.18280586705437,1
18,37,74,71,64,23,16,93,57.92801862717262,1
100,50,29,84,51,59,28,81,68.09144712978211,2
86,5,3,95,48,18,17,90,55.261615237199905,1
70,15,34,4,43,54,17,96,52.38383554107554,1
74,77,93,75,64,19,3,90,77.75011737938446,2
60,35,79,17,68,7,13,58,46.44357878313936,1
6,61,79,90,4,97,17,33,56.47291440071027,1
39,57,88,4,13,90,4,51,35.56842938524947,1
50,55,37,24,34,69,5,80,45.772554026114825,1
92,41,32,19,44,63,18,42,44.206036697440524,1
22,48,93,60,100,24,8,83,73.71463989685903,2
50,83,57,0,90,57,22,70,58.97544146012421,1
34,97,30,1,65,75,14,21,55.46714787146522,1
13,25,28,50,3,54,13,93,28.774436492827284,0
10,67,88,98,10,28,4,85,58.97256168570713,1
36,97,5,53,46,39,13,60,65.22997471544069,2
8,0,6,45,59,84,17,19,25.659045348688032,0
6,79,74,66,66,25,18,22,74.7287956508338,2
35,50,0,55,14,97,9,84,37.5951573045719,1
20,97,17,38,89,76,1,1,48.77225711776404,1
56,58,100,59,49,89,29,48,79.33089563229291,2
1,84,42,0,59,51,29,62,40.896460699546395,1
30,16,73,24,3,22,28,23,25.733499800910778,0
45,14,49,68,83,3,9,87,51.29695093674355,1
97,93,9,34,54,54,19,52,69.09023613683996,2
64,53,18,5,22,40,5,6,20.930892900008367,0
88,56,76,12,32,11,28,32,61.822294339372114,1
34,17,9,87,35,93,1,40,37.620240166933364,1
45,22,60,33,2,97,15,22,43.65634139921175,1
42,82,35,2,95,37,26,94,70.18290955307423,2
89,30,37,73,81,67,22,36,64.53430142498665,1
96,59,96,53,89,41,26,50,88.02479761091774,2
97,31,61,45,35,50,15,54,58.1734236466892,1
75,26,62,90,56,63,3,22,51.50957967223678,1
50,16,35,31,46,42,1,57,27.91236533770683,0
54,93,38,57,48,80,5,35,53.86380637784151,1
99,94,69,75,59,19,2,1,71.71955675271728,2
28,11,3,61,45,67,14,41,34.270110432097624,0
35,35,23,21,78,99,2,58,23.42882641147945,0
90,56,60,68,5,85,6,11,49.182637990456044,1
39,38,62,75,19,4,13,78,55.03149061729667,1
23,72,9,12,90,11,23,66,56.27522466927905,1
56,26,79,16,89,63,21,31,60.8108052950381,1
32,5,54,68,82,93,2,59,44.36392121267163,1
89,34,24,12,37,85,28,30,37.95262274251368,1
91,60,75,88,46,91,17,65,62.51152369839117,1
30,18,100,11,2,15,11,15,34.64206574867429,0
53,82,42,98,28,52,12,61,61.455475843135524,1
99,1,28,67,73,73,26,5,56.281021862968075,1
74,6,30,44,34,63,14,1,42.254520912975416,1
21,51,59,27,48,78,8,25,29.62555140412495,0
59,51,4,34,12,21,13,17,39.74335535255378,1
62,29,48,75,50,46,3,49,58.45573446203606,1
65,26,2,76,72,45,5,16,50.744235951681695,1
2,7,3,21,57,94,10,24,4.971723378537263,0
30,66,43,54,56,20,7,9,43.378087731237784,1
86,38,75,100,92,32,11,89,71.85891696549747,2
24,11,89,25,23,2,2,74,39.29083653088231,1
30,40,8,70,30,15,19,21,44.85995974091298,1
32,94,24,17,62,99,4,12,26.31264873235624,0
17,26,42,84,48,85,7,85,45.43501027203296,1
15,90,57,17,98,26,30,67,71.71431898204663,2
35,26,99,30,6,70,1,89,40.82785594734474,1
88,18,69,46,12,59,9,18,42.70760151699916,1
0,26,54,37,34,91,16,36,30.030037879687743,0
28,32,6,17,46,30,10,11,20.45635435355193,0
6,12,8,64,89,100,10,42,35.127665056657094,1
56,59,15,1,49,37,4,16,34.76256070741075,0
25,33,66,99,44,72,13,0,52.92152712199773,1
79,72,33,5,16,40,23,51,54.17899954577276,1
59,49,24,33,43,67,18,98,52.52516851497945,1
79,44,67,93,53,33,28,65,81.329450187509,2
64,47,82,15,58,85,21,76,54.76045199118538,1
44,15,44,7,61,64,24,82,33.5458525807216,0
86,72,89,75,43,29,13,98,81.98232201650924,2
48,10,74,7,15,97,19,12,28.938277326335527,0
95,72,72,90,15,71,18,25,72.00158909407918,2
100,100,87,45,15,43,25,62,69.69329191030243,2
59,77,18,87,62,13,16,82,81.98477653166626,2
68,45,76,24,86,98,13,78,63.493014481981845,1
25,31,96,14,89,76,3,73,45.342018654005244,1
82,88,100,97,31,67,26,31,76.50728112421211,2
67,25,58,76,8,84,14,36,53.2029204625935,1
91,48,76,92,63,61,24,8,64.79938130761685,1
26,77,89,32,3,23,21,31,65.35818894875241,2
79,93,86,40,63,23,1,15,61.85077036060402,1
47,93,90,58,38,7,20,94,87.12303128763367,2
18,8,84,45,84,6,15,9,43.05315728956371,1
17,90,38,24,63,73,8,36,57.214480252921845,1
56,11,73,37,74,86,8,89,45.060788959040906,1
32,59,41,61,40,16,20,96,60.253018271280204,1
10,93,80,3,84,57,3,38,56.098495981023405,1
43,66,81,33,53,12,19,47,63.922462820174935,1
65,95,94,29,63,41,26,52,81.39457100194731,2
32,34,59,7,36,79,3,83,32.43516731119061,0
96,31,47,12,45,82,1,77,44.57885023709886,1
78,32,16,50,84,95,2,52,55.11033145598843,1
51,35,64,10,39,31,22,37,39.668466989686294,1
94,68,57,34,2,95,26,37,59.24524636671041,1
43,45,52,56,38,79,30,65,55.03503856133351,1
14,74,68,88,39,34,1,84,62.43524463949564,1
3,42,85,9,42,33,15,7,35.76730129848669,1
94,31,15,43,7,10,2,77,38.270301095290215,1
96,19,43,10,13,93,12,48,34.0858408472653,0
74,55,72,43,32,20,10,14,53.62959351246024,1
10,90,82,48,42,27,19,9,56.523656007727226,1
29,86,78,80,2,41,28,34,73.83641569876544,2
4,25,80,44,39,13,25,25,49.52973334089817,1
5,48,86,94,32,81,2,10,48.259882990960975,1
24,71,97,13,3,70,8,29,36.12112290368299,1
57,61,61,5,25,15,9,84,43.89586144861228,1
6,6,25,0,27,16,8,72,31.87286621168246,0
99,59,56,36,14,2,11,21,47.160687383566845,1
45,3,71,19,75,95,19,68,43.92315770890315,1
26,11,10,9,7,44,23,45,24.455692286092074,0
52,66,76,23,58,66,29,75,61.992058091100155,1
79,10,54,98,67,15,22,24,55.97677741253584,1
31,34,94,80,81,23,9,6,52.61062016596107,1
4,59,21,1,55,54,6,31,26.26096998617583,0
5,66,91,92,54,21,12,100,65.98304278541332,2
86,45,45,20,76,61,24,56,66.34632235908559,2
11,9,57,41,86,93,30,5,40.27524403916423,1
64,80,66,33,21,30,12,98,59.06719339311432,1
38,95,58,40,80,61,6,83,66.43174826320322,2
78,89,91,76,46,92,1,54,75.29773543176948,2
6,75,16,71,9,90,3,74,40.272281763654526,1
90,40,73,59,61,0,20,18,69.56188777105548,2
70,88,98,63,98,11,18,59,78.06311935386064,2
45,49,22,73,14,99,20,92,58.92782179269848,1
20,13,25,18,1,93,1,44,14.986285961366674,0
98,85,47,39,92,32,14,3,67.92192588948963,2
30,32,73,10,60,52,6,76,37.92191405321089,1
49,94,96,71,22,57,11,73,63.57289921691952,1
39,37,80,44,80,67,19,74,49.229968385107654,1
23,87,80,64,39,75,9,65,57.13333998630128,1
42,54,44,57,33,37,20,13,52.66603932361412,1
15,47,65,27,29,89,9,11,27.562329466172034,0
0,29,21,14,60,5,16,80,26.609310885654153,0
29,84,46,98,13,3,14,86,61.575608134973294,1
11,6,19,29,36,96,12,7,15.881000094974107,0
41,47,2,11,30,17,4,58,29.84699266402588,0
87,37,86,30,6,100,18,50,48.7666425505434,1
16,54,81,91,77,28,30,35,76.03563807631127,2
0,25,51,26,0,36,20,65,38.545526628548934,1
11,67,1,99,96,2,23,92,82.30277503233593,2
51,38,9,46,9,95,25,82,33.31055609980859,0
27,19,11,87,36,36,2,15,28.994696477981996,0
49,19,72,65,9,16,24,46,53.84091094235853,1
2,70,20,4,37,48,8,94,34.76581270684984,0
33,26,25,51,61,15,20,23,48.46471881909539,1
41,31,86,42,8,79,30,86,53.68268058068896,1
43,63,88,20,53,7,27,49,70.3052252602208,2
55,33,77,55,77,50,13,52,64.57629668359611,1
78,39,31,10,46,39,26,25,51.736099759353884,1
47,24,58,70,11,3,19,92,51.22877034783783,1
84,34,20,83,69,5,4,53,57.79523492419037,1
53,69,86,9,18,52,8,58,46.848479254595865,1
26,53,8,48,1,39,29,46,32.364647138100565,0
23,100,75,66,44,13,28,9,77.0806155329732,2
32,77,51,6,27,13,27,78,57.97232385305927,1
60,1,76,39,2,81,12,33,31.099837255514377,0
24,38,45,26,78,73,10,24,47.207555044759836,1
92,29,15,3,60,61,25,78,44.48779411951707,1
48,59,75,81,91,84,1,20,50.35119318926835,1
87,26,63,44,48,6,27,68,67.71421851736169,2
69,97,46,75,44,69,19,47,63.748638601304016,1
33,30,37,59,85,76,19,80,53.4453472062561,1
23,52,34,88,8,20,14,5,45.60673824470257,1
75,12,48,100,36,54,30,78,66.23279206843257,2
33,91,26,60,80,77,23,23,67.35040633722278,2
24,92,28,35,29,60,2,87,52.54510855760508,1
93,80,28,42,89,25,16,35,71.49935515937216,2
48,35,1,83,28,67,26,0,38.695489307661056,1
4,5,93,43,41,76,3,49,34.77546134360594,0
49,71,23,52,90,0,23,5,51.56670017969936,1
46,43,16,19,24,57,8,27,40.18282619071697,1
87,100,15,99,97,50,16,72,77.47461105709066,2
71,70,99,65,4,37,27,56,67.67136096746194,2
19,54,48,33,26,4,15,71,38.206754565839304,1
15,99,33,59,59,8,2,88,57.10900228480609,1
60,80,40,40,60,75,1,47,54.00057049259231,1
4,46,8,15,91,83,23,54,36.94745140890399,1
32,1,31,88,96,42,28,5,57.235477548873725,1
13,9,25,89,68,94,9,28,39.57140609577677,1
2,44,81,84,66,93,29,73,60.60254162462844,1
92,56,5,37,32,67,14,6,43.13850842015571,1
9,3,42,25,81,58,2,36,34.848202742335616,0
0,12,79,5,64,97,16,13,33.14322529970679,0
94,71,84,73,2,61,30,86,69.42737463590754,2
19,75,51,33,84,94,8,56,48.49608971516238,1
82,3,22,90,36,98,29,65,56.548738912106224,1
3,51,34,87,48,19,20,69,58.03019951616224,1
15,8,22,12,49,66,12,22,14.827710751607423,0
11,73,66,92,82,73,21,5,68.69475953583974,2
71,84,29,14,27,82,13,40,42.75475515888161,1
62,87,63,49,39,35,3,18,64.72296064313805,1
48,60,66,47,3,87,27,32,53.83669493749774,1
24,63,94,96,35,49,12,32,55.53845329612568,1
8,93,37,66,8,39,17,78,52.97553979121953,1
57,61,97,88,58,15,23,32,71.33123631282825,2
23,45,40,60,90,32,3,15,47.95926032781398,1
59,76,68,83,46,98,22,96,73.81613861192507,2
69,59,66,86,92,72,11,4,59.9770665197093,1
85,85,82,86,98,73,17,20,74.24444512266456,2
49,52,47,41,5,90,14,35,44.29414000638717,1
0,87,80,38,52,26,24,6,57.21742118738497,1
28,4,35,99,53,66,6,90,48.08322534323019,1
86,3,49,76,38,37,4,35,47.63439115376277,1
53,10,50,92,83,85,13,79,54.85648511484979,1
62,56,71,58,39,42,4,13,53.00395414665086,1
46,71,62,93,5,86,8,52,72.7410333899056,2
16,21,7,72,55,75,20,12,43.597402724482855,1
90,15,81,74,20,77,25,23,53.60954929424098,1
78,86,76,17,35,93,21,41,57.40976951739256,1
100,75,10,57,50,79,10,87,47.04736361505059,1
86,65,97,73,73,32,25,30,85.67216491790818,2
29,49,66,76,28,52,13,76,60.58963212264888,1
25,42,8,96,38,47,6,9,38.047032184341056,1
25,2,49,33,6,6,23,25,20.809753902737235,0
92,18,84,30,38,59,16,61,45.518395340861645,1
56,90,28,97,58,44,12,47,72.85638717487653,2
45,34,94,99,62,39,20,50,68.02395559802491,2
97,71,42,18,29,11,22,68,65.2795521056437,2
60,71,22,38,6,50,7,7,39.9586588302091,1
91,31,36,95,58,58,4,70,67.32055299269891,2
99,20,53,20,66,10,16,87,58.94745084235348,1
8,69,69,79,8,64,2,77,56.082772280964086,1
36,9,93,11,51,16,20,28,27.691899534468373,0
74,49,19,18,9,14,14,35,31.993926577015237,0
82,89,96,79,45,40,7,97,79.80388998067424,2
14,71,53,61,64,39,18,79,68.40741270940146,2
32,77,12,56,72,92,12,94,69.42317835640644,2
55,8,93,86,72,6,12,92,64.83458530567873,1
80,20,35,31,76,35,7,43,42.21051961667092,1
11,27,62,50,24,74,21,13,24.610188734453185,0
60,29,70,61,85,25,28,23,67.82138258443898,2
29,19,1,74,35,99,19,29,31.968856548833134,0
21,98,22,33,37,75,8,84,68.90000801614893,2
52,16,69,63,79,95,26,27,50.10357647979293,1
41,71,32,45,33,95,4,36,56.22165058116399,1
64,59,0,54,7,11,9,85,52.8002043015248,1
32,61,2,87,72,46,2,16,42.69041360407179,1
83,21,83,39,66,75,26,67,62.50286273186152,1
7,31,15,67,58,0,2,55,44.138283159302794,1
87,61,10,95,14,45,17,99,64.7484868449005,1
3,30,56,77,63,69,6,49,50.1278962633138,1
74,70,12,99,20,80,7,52,62.98574295609196,1
34,3,65,58,56,41,19,85,53.19803100356479,1
38,7,54,28,51,87,25,100,44.74115979171497,1
1,73,65,100,78,68,1,73,57.09035946416324,1
70,62,49,65,98,4,5,70,69.46928774714861,2
16,4,78,24,19,28,9,88,34.85638798229506,0
66,90,65,32,11,94,29,98,55.22369477377304,1
73,0,41,26,56,0,2,74,40.87541189594807,1
85,96,1,84,96,10,6,29,72.28919241113911,2
71,73,27,9,15,34,13,64,39.16024357529027,1
30,99,13,74,49,100,10,23,52.56196165584946,1
74,95,1,55,41,71,2,50,53.418921918994215,1
83,31,27,7,32,14,17,44,52.51056720096051,1
32,76,20,61,67,39,19,99,65.7107100770642,2
12,21,7,76,29,94,6,55,38.096271507887586,1
89,47,31,73,49,22,21,96,68.13310817305612,2
14,24,51,53,85,58,2,81,34.5365008989895,0
59,49,17,33,38,46,22,85,55.12405109292975,1
23,88,27,16,2,76,8,17,29.760879622474746,0
12,44,2,1,89,75,7,78,32.32639922007253,0
78,9,5,36,27,84,6,25,21.762172505307177,0
14,32,15,63,78,12,27,58,52.10660718352816,1
67,79,45,3,77,45,16,49,63.71107016973472,1
70,52,67,100,53,69,21,26,74.05642865084776,2
6,56,79,59,8,42,7,99,59.637137046711,1
17,43,63,29,95,67,2,88,59.97775674772467,1
80,29,62,97,68,64,2,57,50.17475461845066,1
51,60,94,18,42,37,14,1,41.988276634425205,1
12,63,25,96,86,10,10,18,46.870850530040684,1
100,90,80,28,79,98,24,22,76.94158246233755,2
26,62,94,38,76,83,24,98,62.90150929720509,1
0,100,57,42,16,90,10,40,44.14491800893642,1
93,83,84,100,63,30,14,4,78.85041540843527,2
1,7,13,25,28,31,12,59,24.605424128544513,0
55,39,88,98,7,32,21,95,58.738073711961256,1
100,38,56,35,34,3,19,56,50.19681922419548,1
58,0,22,28,10,17,20,44,30.627777239186642,0
59,18,6,64,10,31,2,17,37.4224756169268,1
39,76,72,70,73,99,11,88,68.9276155804935,2
12,35,43,34,50,20,30,10,36.6900417617078,1
57,14,31,13,40,51,11,94,24.680747917974188,0
90,29,39,40,19,55,6,22,45.70605351036168,1
9,27,100,54,77,36,6,13,41.94441010365712,1
88,17,43,4,64,92,1,35,28.215378505489674,0
41,10,7,7,59,9,24,0,17.938048641247313,0
54,77,28,92,19,87,1,1,40.63539513314822,1
16,83,14,3,12,75,18,18,26.35271467727688,0
62,50,69,41,12,30,12,69,50.736907582835094,1
18,62,80,77,2,77,3,82,44.39754977143605,1
27,92,84,33,97,43,27,25,70.90424822528581,2
72,85,63,49,37,98,23,65,65.89131356049138,2
5,3,77,8,66,3,25,35,49.611953735107164,1
45,96,42,80,99,3,29,43,71.50334130164401,2
60,6,63,64,94,54,28,33,58.99887658187429,1
13,2,10,86,32,94,22,90,40.84402993424574,1
29,40,54,87,49,6,17,51,51.68665557646111,1
34,75,56,35,46,78,21,51,55.591514384684764,1
67,8,3,4,3,94,14,86,29.527566198440294,0
98,29,55,34,77,49,6,66,56.66894889534699,1
84,26,73,14,58,87,12,15,52.07677730891902,1
19,40,37,53,37,76,15,19,25.203874291427972,0
1,99,55,14,56,21,2,34,41.36659952318367,1
5,33,28,93,74,86,26,9,57.840336283385675,1
60,21,27,60,1,70,28,69,50.6321579995831,1
15,12,13,25,65,1,13,50,35.10307026759773,1
23,20,33,93,86,57,15,4,55.409292439116754,1
85,13,81,77,73,66,26,40,53.770652727789376,1
88,57,94,44,62,80,14,83,74.62366397633691,2
84,42,64,14,9,77,21,91,57.29622097451654,1
25,50,63,34,75,48,16,97,53.26779900294559,1
62,84,61,58,75,30,9,93,89.42542270734737,2
61,58,48,77,49,19,24,61,68.67809378437235,2
18,15,42,26,58,8,6,93,25.11338574494875,0
55,38,62,74,62,64,7,96,63.43763198760253,1
53,31,79,28,12,96,21,64,40.6108398200636,1
40,83,41,24,26,8,22,41,59.6399716435771,1
75,31,57,45,80,70,29,97,69.72766420034779,2
68,13,47,16,98,59,22,41,44.74246756634285,1
53,74,28,40,27,17,1,16,52.65471150957737,1
73,43,29,36,40,21,26,10,54.256707835875865,1
77,9,7,28,92,28,13,57,39.592480073907396,1
57,69,44,78,16,69,1,3,46.847729516634914,1
27,21,71,33,26,30,18,11,39.211500744584484,1
76,87,69,70,5,83,6,24,56.68442042336427,1
72,84,99,72,23,37,13,53,70.28360357691646,2
99,37,4,67,64,11,15,48,58.59035016958691,1
15,56,76,27,35,9,3,51,37.03520849577566,1
42,57,80,83,99,40,26,51,62.7634079685382,1
93,65,44,23,90,41,16,100,71.13480917399222,2
51,6,28,27,90,74,29,21,29.986600304228887,0
95,32,36,88,73,48,14,47,58.66176778113168,1
1,17,68,34,70,16,18,61,32.80050584630857,0
3,70,87,70,51,21,25,27,52.099333313432176,1
80,6,64,4,100,57,7,18,43.70813104471575,1
36,52,51,62,9,33,28,4,46.71615100963956,1
52,73,65,87,73,67,6,32,64.67959726719126,1
43,95,7,71,14,93,30,25,48.59458929825595,1
41,29,61,58,34,35,20,19,42.51490546696864,1
94,0,4,85,25,55,16,27,44.97873095526112,1
9,73,96,30,60,84,7,70,53.87747640816101,1
77,0,89,38,79,21,18,83,63.75604436625191,1
89,6,51,7,8,51,17,52,40.840552072755486,1
66,100,37,70,60,30,30,6,71.18668085045073,2
39,87,73,73,22,63,26,74,58.84650428447704,1
16,71,64,75,7,75,15,15,43.9701306056027,1
68,84,71,75,42,14,12,5,65.88386431476385,2
47,7,52,12,58,18,12,57,32.67107768797531,0
15,8,23,67,20,2,12,42,26.352254731997487,0
36,30,7,77,39,1,1,31,39.32851370534091,1
97,2,28,20,96,5,2,97,64.07181861639968,1
26,89,53,48,35,71,23,9,51.060871627781744,1
18,5,42,92,100,91,8,5,43.05316488504934,1
68,54,51,41,84,41,13,59,53.30778473661407,1
20,86,28,76,37,89,21,42,64.38040633024907,1
92,74,94,53,58,73,19,80,82.71845826010853,2
86,23,37,66,71,81,11,4,54.194404836795506,1
99,47,85,63,46,74,23,42,76.38877486782846,2
92,55,39,65,41,20,5,14,52.45595187183116,1
24,77,44,78,33,52,15,4,50.82549308092627,1
21,43,60,91,14,53,4,46,56.9792711913199,1
34,28,26,29,2,64,16,74,36.87636861766735,1
47,80,22,93,34,80,3,15,39.684669071935026,1
88,89,38,63,80,11,29,85,87.14892585382205,2
74,49,81,60,23,68,20,52,56.89981163538243,1
65,2,14,33,18,84,8,48,32.24903094793995,0
88,50,44,42,33,11,19,93,64.47914281652103,1
65,89,67,65,60,41,11,33,58.5367434158632,1
38,99,71,36,21,90,16,20,55.94298102297287,1
41,40,43,29,22,2,6,79,43.25376636350965,1
52,15,8,82,11,16,16,10,39.33077491878872,1
8,57,1,41,33,81,4,88,39.543173111479845,1
74,83,47,65,21,17,5,83,73.66579575893039,2
65,95,81,3,83,70,18,98,74.35333393768579,2
73,5,2,7,91,91,16,46,35.36739076284679,1
53,29,89,85,37,50,9,62,65.30780532512935,2
79,48,68,14,8,48,2,89,59.70644434153861,1
95,9,0,80,8,43,13,13,44.310424525008536,1
57,89,34,90,32,37,28,30,70.89723676084854,2
44,11,22,48,46,38,22,47,43.20518329861351,1
10,67,95,89,53,55,2,63,63.69626255638955,1
78,92,56,43,30,90,29,68,69.64111049163996,2
91,69,32,96,35,99,13,93,83.86102498903828,2
70,77,28,23,28,87,18,49,46.115679754101414,1
87,26,56,43,52,12,1,17,53.069434969456196,1
86,83,0,39,70,30,10,19,55.61485834379656,1
80,42,25,79,4,76,24,80,48.05748497916767,1
50,6,16,4,48,55,10,46,24.91009353848096,0
10,37,62,83,65,33,5,63,49.589344997476516,1
0,35,67,2,67,31,3,56,37.66546391050595,1
20,52,47,31,56,11,28,82,55.78780133595142,1
43,26,14,60,53,33,25,22,38.747838818112186,1
75,46,37,14,68,42,2,17,50.93604748093829,1
46,43,85,49,38,42,28,74,67.88080402685435,2
2,33,20,100,57,55,25,43,60.3863331925784,1
21,70,16,83,32,27,11,82,57.01178798440869,1
98,30,11,3,44,20,20,13,39.035601590315856,1
99,77,82,59,12,89,8,27,65.8313628957117,2
38,25,12,60,35,40,8,96,39.30514987447458,1
81,87,58,6,14,25,22,85,62.09035732831903,1
72,36,100,65,22,64,7,6,49.955932604071805,1
94,4,64,52,42,54,11,82,43.60379409686047,1
89,15,41,68,50,58,11,6,47.63473302903443,1
63,81,20,30,95,22,5,12,52.11419864954018,1
39,88,0,25,2,73,25,90,46.93468701589017,1
63,21,15,74,90,19,21,12,55.61270967389974,1
32,60,96,72,33,84,26,30,68.98519880391976,2
35,58,14,16,73,42,16,13,35.887379456712125,1
61,13,2,21,68,41,6,60,32.600650709223856,0
57,45,82,59,98,39,9,5,55.449503821841134,1
58,70,42,83,10,42,11,29,50.43891647320605,1
38,97,36,20,97,67,29,32,60.372586338101364,1
41,85,72,22,6,50,8,65,49.11129830310883,1
1,9,52,81,88,12,21,50,54.88522994126503,1
60,23,92,70,65,57,4,19,54.88267458870903,1
58,44,47,91,48,26,29,46,59.6488580055005,1
94,15,72,79,40,10,20,46,69.94496194350293,2
50,57,88,96,9,84,13,35,65.25647383886223,2
47,0,46,19,80,31,11,53,32.79288609634178,0
6,11,28,27,73,60,11,32,36.18466535151736,1
19,4,98,24,94,17,7,33,43.98163047557766,1
34,29,22,5,73,34,18,79,40.12126818244852,1
38,76,3,78,96,38,26,25,67.21848026687587,2
36,17,58,66,89,13,8,33,50.26537522624687,1
39,99,99,8,42,98,23,14,60.70047192688843,1
77,27,8,20,71,31,17,70,48.10389313878701,1
13,4,85,19,26,58,24,71,34.50544368636678,0
33,33,83,40,80,57,24,68,46.26503944503169,1
16,75,93,46,61,43,2,16,55.83309524379156,1
31,10,42,29,44,59,1,45,26.3380683296796,0
69,7,25,93,63,57,28,29,59.64767965787148,1
4,85,51,21,27,8,5,77,49.22005037365432,1
34,59,14,56,62,67,18,34,47.334014733063945,1
2,34,85,44,47,11,23,42,54.59792914646401,1
96,76,66,39,32,43,16,45,65.49904997101942,2
73,85,48,83,98,36,1,76,78.35185708426852,2
24,36,52,98,6,45,1,70,45.68133587942115,1
20,56,71,0,76,7,21,82,64.17133427343879,1
9,1,52,46,21,70,27,43,28.41039962542605,0
47,30,84,12,22,42,11,82,41.43395277524567,1
76,60,93,43,15,6,17,87,58.28598912952002,1
59,19,95,62,10,0,29,52,61.43038646394704,1
88,100,62,41,12,54,25,68,67.33710596185395,2
34,98,74,31,84,67,17,91,68.57978650964208,2
28,26,31,31,93,55,20,84,46.14838020705692,1
48,40,3,30,59,72,29,27,43.166331496374326,1
20,19,40,32,1,76,24,72,25.685442492045123,0
98,50,88,37,87,88,13,45,52.970528403386425,1
18,12,13,69,60,99,21,15,38.16622422435663,1
48,39,55,9,52,89,10,37,25.66865376277774,0
52,56,19,4,95,80,28,98,61.97482670386427,1
5,61,43,52,41,43,3,96,57.25116649721088,1
47,60,14,68,36,50,7,79,51.03465717638981,1
45,22,74,26,78,62,11,100,59.90695768032295,1
26,80,81,20,53,17,7,57,54.544461482740694,1
12,69,76,63,72,68,18,76,74.05544695446721,2
4,76,71,38,70,59,22,16,51.28269288732073,1
0,47,23,74,84,52,27,30,38.38070914341326,1
48,90,53,14,32,84,16,17,47.930529535360975,1
9,39,10,12,7,69,19,94,40.12777916046443,1
96,81,37,55,48,94,18,62,70.74980983564251,2
24,20,51,39,65,98,1,94,37.00806062877294,1
65,24,67,73,82,83,22,42,63.41340701570839,1
68,53,9,51,26,30,1,40,48.33674903071531,1
50,56,82,35,75,19,17,68,63.32630136651318,1
89,75,46,16,84,30,30,57,85.80834051205429,2
11,30,89,16,81,71,24,37,43.29549226088307,1
23,88,53,76,81,87,16,32,71.2250643322685,2
25,33,55,22,99,88,10,51,49.031623418890796,1
13,53,69,50,66,69,26,7,47.27103545181166,1
29,94,82,82,37,68,26,18,66.44335839591396,2
31,54,15,90,44,96,12,4,51.52859188487619,1
77,68,51,27,75,69,4,15,53.58872732562545,1
30,91,3,11,23,14,18,20,42.678430360363635,1
88,98,47,78,60,50,20,7,64.73419587777386,1
78,50,82,69,57,36,29,5,71.5059919309726,2
91,42,87,33,67,64,27,82,71.10378106449541,2
10,19,28,59,42,64,7,18,29.666539864153084,0
99,54,39,19,74,29,8,56,59.12535117835445,1
62,92,55,70,7,30,30,9,62.58469375725449,1
99,49,39,73,75,8,10,95,68.98858497669916,2
35,35,17,30,82,29,14,24,39.608686810165345,1
96,10,30,47,89,83,10,75,50.354780930090214,1
59,39,40,33,93,66,12,64,66.6331773662592,2
7,23,52,3,35,95,17,77,35.86122437306154,1
41,98,92,12,4,93,9,63,46.50918645616979,1
13,53,55,96,66,86,13,51,70.53777601356505,2
95,13,39,46,9,18,11,77,43.33286033138213,1
30,6,66,14,28,33,4,82,31.756732204785706,0
22,85,78,4,70,5,24,38,63.90450316958792,1
55,94,43,35,60,9,27,95,61.10006873661431,1
42,77,49,99,61,23,15,99,74.80784491835419,2
9,12,22,38,75,28,7,72,32.059996894197,0
82,9,87,100,16,1,20,93,68.28048047726482,2
85,19,87,49,79,85,17,10,57.860298099592654,1
75,75,17,77,59,53,17,54,65.93644380800589,2
62,77,34,79,42,66,18,65,65.32811621092607,2
40,84,27,2,46,66,22,93,59.32078823581268,1
54,9,93,0,51,97,2,12,31.418915582004228,0
52,15,6,93,55,14,3,81,49.25855006031165,1
16,90,20,94,33,34,3,7,52.05722354876084,1
8,93,31,13,22,31,5,36,49.32533398518132,1
25,73,56,65,17,55,30,69,61.836043861904635,1
45,10,25,93,34,53,22,29,42.483308970205776,1
16,6,54,96,26,79,20,84,36.286005468333656,1
10,5,75,29,52,56,21,93,33.63637575579028,0
86,69,83,82,92,23,2,16,70.87784462952143,2
37,85,10,65,10,57,7,26,44.599738936275116,1
59,63,14,93,31,97,24,7,51.72627124233857,1
52,26,9,14,4,58,14,71,31.716863862274856,0
74,76,91,60,98,59,16,89,79.13895173295015,2
74,5,65,2,70,17,23,60,41.52306437918742,1
29,83,53,36,24,0,3,13,48.93586301214447,1
85,90,79,1,41,21,24,17,70.25636698126807,2
37,72,59,44,73,2,21,3,52.166994413520726,1
84,88,23,81,96,45,13,49,77.98229518224687,2
40,59,51,66,57,89,15,72,47.62997205107709,1
11,47,71,32,27,45,3,15,25.482771215637044,0
76,32,3,43,70,65,7,85,45.02740503213697,1
3,93,61,37,69,86,8,25,58.00946259426316,1
78,70,50,73,65,77,27,51,67.93776382176716,2
4,19,7,26,4,65,4,67,13.253397151406698,0
20,96,26,9,71,79,9,54,48.476523691366694,1
60,5,45,51,1,28,4,48,33.23250166689911,0
95,59,34,83,91,42,9,34,64.86921116347197,1
41,19,29,48,89,40,1,43,53.52732940357943,1
12,67,65,20,56,80,9,24,40.49781976130776,1
23,41,40,4,65,41,22,29,39.60150989450848,1
90,44,50,95,6,94,24,76,62.44932277373735,1
73,67,80,76,88,18,12,89,83.26982937290708,2
10,76,9,15,27,17,22,85,51.9297453582247,1
38,38,36,7,26,72,19,33,42.92198218172743,1
26,100,7,13,71,77,28,32,48.056405948416725,1
17,50,93,38,94,68,25,5,62.62477105780728,1
85,16,18,81,49,31,7,27,50.988084917306104,1
62,0,82,16,51,0,18,59,50.887219656760465,1
18,20,19,82,55,32,24,27,44.52872436384321,1
65,69,32,0,29,47,10,74,44.42775536030691,1
41,54,61,74,60,41,18,5,62.68428787428395,1
6,34,83,28,97,93,13,41,51.95815503633772,1
45,48,17,97,38,87,10,28,58.69432338317132,1
18,84,21,48,78,78,6,49,52.84128533270294,1
24,57,89,27,78,2,2,2,47.27851223419146,1
88,5,32,24,85,12,23,42,34.74087852003478,0
71,4,21,83,73,43,25,79,48.86243677202799,1
13,48,75,40,93,62,20,86,57.66449036889964,1
85,40,9,35,72,68,8,25,38.4836464125227,1
58,85,87,74,98,29,1,43,80.16478339259947,2
88,58,88,54,72,11,19,69,67.85987423052629,2
75,76,86,67,84,33,6,46,71.11217402989828,2
34,59,29,45,89,80,17,54,51.927841041169074,1
54,34,11,6,99,99,30,34,51.89845850039668,1
53,66,42,0,60,95,1,84,41.34056750588214,1
72,62,33,3,71,59,18,63,55.85447270828793,1
25,72,96,58,97,9,30,96,82.74423676513629,2
33,19,63,51,38,97,11,78,48.529730912683675,1
24,64,95,75,12,15,25,37,66.62129031269887,2
29,28,75,90,89,27,25,33,64.30935932278274,1
16,79,72,17,63,98,15,8,36.48223292435692,1
3,80,11,96,43,50,10,62,53.79955468012623,1
94,63,6,94,72,19,21,75,75.32026613280706,2
7,95,4,62,3,50,19,35,47.54605539891667,1
89,54,59,53,48,7,15,2,54.02466912867514,1
0,2,20,17,26,31,6,83,27.415406710451677,0
78,61,99,18,29,96,23,22,55.64171650988996,1
33,78,13,1,97,30,7,58,42.67701591312725,1
52,10,95,65,55,90,5,5,41.22063296754992,1
28,10,67,43,14,54,3,6,38.08125592380098,1
49,27,10,19,36,66,14,90,41.06626735767899,1
45,85,5,13,24,71,4,67,46.72073933338642,1
53,53,39,6,91,55,11,0,36.91047818171951,1
39,98,34,64,29,3,8,10,51.31702184689719,1
54,88,31,69,36,92,14,49,55.82146616471253,1
83,56,53,63,33,47,24,68,66.79636242553173,2
43,68,13,11,17,66,14,42,35.60598901348664,1
36,33,13,4,78,55,17,88,38.493033532457865,1
13,9,70,10,58,66,5,65,28.815582444979277,0
36,40,100,75,44,35,4,62,53.01578887994958,1
12,59,27,74,39,85,30,29,49.72096427859154,1
18,18,94,29,67,22,19,68,56.13929350300248,1
96,22,34,5,9,65,1,88,26.101163890701482,0
9,1,33,32,94,58,17,4,32.94887660181138,0
48,74,9,81,57,50,1,74,66.22055616927774,2
84,90,42,14,22,2,3,88,56.57087740860659,1
96,83,50,80,54,39,12,43,70.57674382512462,2
14,38,67,46,86,4,20,77,63.69538891570354,1
16,59,15,14,17,50,19,36,26.87466873878694,0
37,97,19,94,52,69,24,19,66.05385082036761,2
55,59,43,52,60,52,6,82,51.180935397685644,1
96,29,7,67,81,76,6,31,40.09939417985433,1
20,34,14,9,57,36,16,76,35.27809441123122,1
16,73,63,37,74,30,27,31,51.4796296203981,1
25,45,96,63,78,45,22,40,62.769976920024995,1
88,84,57,65,90,23,21,69,89.43017774628423,2
3,87,14,6,36,80,3,34,42.63553244007774,1
38,3,100,61,71,81,27,81,59.33117570365925,1
12,73,52,95,25,42,30,3,64.73529499185359,1
15,37,72,79,85,80,18,1,55.51377590063979,1
92,52,19,20,96,2,11,8,50.61131831674965,1
0,26,58,92,29,15,20,25,34.711341876414636,0
32,37,7,68,56,28,20,5,53.16895396249272,1
92,33,63,5,83,39,28,38,51.03538686431325,1
61,5,20,12,2,23,4,2,25.456625468506616,0
7,79,91,93,71,51,16,76,77.2108457755735,2
46,14,5,21,82,80,22,15,28.213923288515847,0
98,37,65,9,87,46,11,98,63.17199017091371,1
40,19,14,45,19,45,26,86,54.327466367711985,1
53,16,69,53,76,6,2,70,61.353915485182625,1
53,37,49,57,79,28,4,80,53.4737216631933,1
66,92,97,66,0,81,24,78,68.8881154508919,2
18,95,65,100,71,81,4,85,73.54124822389645,2
84,38,37,76,63,10,13,56,61.706917626180974,1
99,51,8,2,97,1,9,63,61.388424313856376,1
14,99,60,8,4,83,21,47,50.23753481853083,1
82,23,44,0,97,17,1,63,35.796550390829466,1
82,95,5,39,57,58,11,38,61.43205153254347,1
74,10,58,35,27,83,30,12,40.83545423479579,1
37,22,21,94,39,79,12,94,50.3926488161684,1
47,34,23,36,77,55,18,70,50.943658085563946,1
84,3,0,3,100,38,30,71,53.74237403165961,1
15,82,37,89,32,78,19,28,62.33675778127613,1
83,86,22,26,99,70,23,77,66.27154355587624,2
92,38,7,92,63,84,29,52,64.82832819386199,1
68,84,43,78,19,51,19,7,58.19887164285674,1
34,78,22,88,60,95,25,96,59.25892418656042,1
56,80,13,82,80,77,16,100,71.24377695439345,2
5,81,47,14,5,6,25,87,59.51852656535458,1
94,57,6,63,7,29,20,47,43.94773963750151,1
34,11,100,41,0,80,11,23,33.3156292380396,0
5,93,47,63,57,11,17,1,56.13317112754195,1
80,61,100,75,5,71,11,74,68.0664128305859,2
66,91,89,50,94,34,12,89,75.81365025563642,2
62,96,98,31,12,20,9,10,49.57933645520028,1
5,18,54,92,7,54,15,69,34.538414059232245,0
75,40,42,66,26,94,11,2,52.87560254998888,1
64,19,72,89,77,90,19,78,59.96388415382886,1
80,5,8,23,91,40,12,2,33.19262685008096,0
83,97,84,84,25,0,15,98,97.52779559167784,2
21,93,32,32,52,89,5,17,40.01446605934126,1
21,94,0,46,78,90,12,40,53.87439758770555,1
93,89,24,86,80,61,11,70,84.29287005975304,2
53,65,24,35,15,63,29,85,59.764321121875454,1
44,52,1,25,84,53,14,36,36.01054185773792,1
29,100,67,92,87,1,1,99,76.389885313791,2
64,55,9,97,74,16,10,1,59.984183857511916,1
76,64,85,31,53,14,22,47,77.45410474429977,2
0,21,45,30,39,92,5,99,27.580936048152825,0
55,75,72,22,89,5,5,27,56.18832209533354,1
100,82,34,2,87,56,12,53,64.19744652840602,1
28,68,13,55,52,36,11,44,52.38794936409027,1
28,50,18,25,74,0,15,39,48.72152402581642,1
88,19,65,85,40,92,2,77,51.1518648109912,1
6,3,72,17,75,1,22,52,36.597711178393574,1
40,63,27,64,9,86,7,72,47.673007198811824,1
46,68,36,51,91,78,22,52,70.4438678757697,2
80,78,95,61,52,80,17,100,77.13909550728944,2
13,96,86,11,60,16,7,47,55.20618859949709,1
43,50,41,47,19,88,15,80,41.24442937716354,1
15,83,24,63,53,60,2,61,62.419360991353464,1
79,72,30,34,0,40,22,80,56.745577682850254,1
63,27,54,88,89,68,10,89,72.10652867734045,2
50,85,57,53,75,34,12,22,63.6693832484056,1
39,5,18,36,45,28,5,30,28.35160239146047,0
15,60,6,3,84,29,11,30,27.828146654887632,0
93,94,50,17,81,57,12,49,54.39542878184459,1
65,66,80,48,12,60,7,49,61.79143127101576,1
32,94,15,40,5,24,30,0,48.53834928557452,1
41,5,41,88,25,24,9,90,48.178568737919704,1
73,53,16,79,0,95,6,86,42.70567748679754,1
72,78,24,16,57,52,17,60,50.401614933238264,1
46,64,61,59,53,86,10,30,60.74381200680991,1
30,88,28,45,54,33,14,83,70.09086262504863,2
66,46,26,10,7,29,22,27,34.07235591736469,0
66,68,100,67,92,28,3,30,75.33889973017833,2
60,42,17,54,98,53,16,100,63.180149596089635,1
7,88,19,8,59,78,1,93,42.086826359533646,1
47,12,93,47,0,50,2,59,49.12175412106992,1
62,25,55,73,39,29,3,17,43.11079012386349,1
95,9,4,33,72,96,5,12,41.99427582210491,1
53,70,42,36,75,57,11,97,64.1385399022523,1
34,23,57,11,24,39,29,26,36.08866406581108,1
56,32,25,20,83,0,28,68,62.10210303819848,1
17,84,55,99,97,56,4,35,69.68080699053816,2
9,36,65,62,51,62,30,50,52.171434820526315,1
68,14,25,17,38,93,20,99,49.2866530378922,1
99,2,82,48,53,23,17,59,64.36557352263135,1
85,22,45,19,2,16,24,43,48.98177992692326,1
58,92,97,44,52,100,15,41,43.97317395028201,1
4,55,8,14,2,55,8,23,23.83105975443047,0
99,100,32,62,3,2,16,56,70.12270315841982,2
45,21,72,57,55,10,22,57,55.330820475487094,1
29,35,90,63,51,48,21,9,55.96867780383607,1
90,16,22,44,99,62,6,40,50.55334123502717,1
75,40,99,28,51,24,29,65,69.11684450396308,2
75,56,19,25,98,36,9,5,48.452229153470036,1
28,81,42,21,81,74,25,98,71.70908378105895,2
100,37,31,43,34,97,10,86,56.67366515063696,1
45,77,42,45,93,49,2,64,63.54515954308905,1
53,63,91,68,48,41,30,1,69.07223140224119,2
75,29,73,5,60,36,18,52,56.70368784496138,1
66,92,80,28,10,13,7,90,68.90012672161293,2
17,43,25,86,21,5,1,2,36.58336767872227,1
30,15,95,92,52,84,4,79,60.57186228493977,1
36,97,43,94,27,3,6,84,70.17431344025225,2
95,92,65,30,60,82,28,7,80.17156074900197,2
72,5,70,13,8,24,6,23,36.576366866281795,1
36,91,66,20,25,70,5,73,47.81634408862985,1
74,95,60,13,67,96,26,92,85.05426413670159,2
74,83,48,96,61,75,27,77,69.13776098406103,2
39,25,65,89,99,73,7,53,63.17412844401426,1
40,63,91,81,90,26,20,60,72.34251602332829,2
90,54,39,73,81,60,17,52,80.13308176203812,2
56,62,51,34,0,64,18,58,49.41683639177172,1
15,62,18,48,60,42,10,77,43.92722720947727,1
72,64,35,84,23,3,23,5,58.911031726682495,1
59,51,77,82,26,92,27,21,56.556411248006455,1
51,69,64,52,21,19,22,6,52.995338128579526,1
73,53,21,84,46,98,28,80,63.74811430466297,1
91,1,55,35,12,94,4,73,32.46306478779367,0
33,3,82,41,53,1,20,5,42.760382869495736,1
42,96,12,84,16,74,30,10,61.627344980440384,1
19,91,6,38,50,64,17,26,41.09216165234419,1
65,59,39,75,63,23,29,24,56.390387421736015,1
40,17,66,45,18,82,11,52,39.57573871289743,1
34,78,31,30,10,11,27,50,53.701523306717206,1
70,14,82,22,81,25,29,36,60.0813005717674,1
41,38,85,61,74,95,19,16,58.79704628956477,1
46,33,53,48,26,75,22,65,57.48630065442194,1
44,1,38,37,89,11,16,79,53.18240732158758,1
26,81,4,75,22,14,10,64,68.51896917849345,2
12,51,82,0,93,25,17,81,72.05388318099767,2
83,31,90,9,11,7,29,92,46.211384474131705,1
9,51,44,97,66,18,1,85,44.93716821258493,1
32,0,52,67,1,57,7,65,33.22565221291971,0
67,44,76,55,19,0,15,5,54.59539457928193,1
13,52,70,1,40,29,11,33,36.42468994596567,1
66,34,13,60,8,31,19,43,48.101482676346556,1
74,83,67,43,46,98,11,71,62.758547547609744,1
66,25,93,60,23,98,20,85,53.29629541951527,1
30,13,75,4,9,85,4,64,22.352654840893734,0
1,53,48,55,97,34,10,36,50.04898978561478,1
89,89,52,58,99,53,21,79,88.31107406436088,2
32,37,26,29,97,50,15,70,46.019555820005024,1
81,4,66,5,15,86,22,80,37.736187782499776,1
19,97,24,98,38,75,20,59,68.89130106426612,2
16,44,34,71,33,91,10,65,42.84722161472886,1
78,17,26,62,32,55,13,35,50.300263303872335,1
94,62,33,77,42,92,29,40,61.592962606589616,1
86,32,37,67,51,75,29,27,50.97181746120707,1
75,94,8,13,48,74,2,25,47.79777420411006,1
24,29,72,45,29,66,22,65,48.86573077358878,1
92,55,44,89,98,33,15,38,69.50024303549952,2
67,54,95,29,98,61,1,13,64.88157240796457,1
17,24,18,98,33,36,20,3,52.989620858621365,1
13,50,67,6,22,65,1,86,31.40287472295571,0
87,11,18,33,53,25,10,43,49.783804036387146,1
27,65,55,35,37,80,21,58,36.40720696799567,1
77,76,49,62,99,57,25,91,87.60667360030816,2
14,95,45,17,43,71,13,11,38.963423373229496,1
28,32,66,23,4,22,25,94,50.666436091832836,1
28,28,83,66,12,79,26,71,45.80234408426001,1
28,55,31,28,7,81,14,64,36.95907479223923,1
68,69,85,88,38,14,6,43,64.04930642074896,1
92,100,18,87,31,35,20,71,75.4167158133075,2
91,2,29,30,86,68,1,20,48.80954417358267,1
74,24,31,56,89,88,27,30,55.07237322043956,1
20,26,96,33,14,74,12,97,56.15180974355503,1
97,25,11,34,95,47,23,27,50.935124633442975,1
54,46,39,67,58,30,23,72,70.9605882228408,2
55,88,42,29,30,91,15,93,48.185844360923184,1
70,3,80,15,41,88,30,59,44.02094566773086,1
77,82,49,26,44,90,24,30,55.543340088047856,1
96,62,97,93,17,30,27,85,91.79623360478284,2
58,62,74,26,87,44,3,83,62.301492716216444,1
61,68,71,36,1,24,15,54,41.071500982115026,1
75,11,76,63,7,96,29,11,38.589222071658625,1
25,75,16,10,27,87,25,44,34.3240265037236,0
31,25,45,27,14,17,14,43,39.31430176467302,1
63,52,59,17,6,24,3,19,42.13004490193766,1
6,68,21,93,38,55,9,40,48.06760340223329,1
32,60,11,94,38,41,18,15,48.57894123829456,1
72,32,13,76,12,46,20,69,55.06832944510031,1
98,40,79,24,81,37,28,43,59.56286144540824,1
52,48,66,62,89,68,3,73,63.936013867702115,1
40,4,28,66,72,90,12,46,43.175107981221394,1
44,73,74,87,52,92,9,72,65.86246244159942,2
69,10,70,15,95,45,29,74,59.3660677902743,1
54,46,82,74,35,83,5,16,52.012566118448106,1
2,66,91,19,43,70,7,44,46.624516968539254,1
54,8,89,57,1,19,9,75,37.205386149119434,1
40,100,18,88,71,80,4,59,69.5470118831722,2
70,38,77,6,9,35,20,22,47.829607977013644,1
88,1,39,14,67,63,16,84,46.87570852338667,1
97,66,40,82,79,72,17,20,74.08729510594901,2
61,56,65,1,21,95,28,100,51.990484095541426,1
36,64,60,69,61,95,13,71,66.37799539757825,2
44,75,42,50,30,81,10,32,49.59148276787913,1
17,48,100,35,40,51,12,19,38.60235230527233,1
94,83,17,87,53,40,25,91,84.77129692929958,2
85,37,9,85,25,44,16,52,44.245122514953366,1
86,55,2,32,80,96,6,81,54.506678465730296,1
33,16,82,0,39,20,21,83,39.824662899718135,1
32,62,41,12,46,52,23,6,38.981245501771724,1
86,26,44,10,82,68,8,69,49.161932499557224,1
54,70,65,99,23,2,17,33,63.03427085509204,1
71,80,43,60,45,64,17,91,71.803236084767,2
49,86,57,68,100,26,6,22,68.88077979573201,2
44,93,5,23,40,28,1,3,36.51623629152681,1
63,12,15,85,11,62,22,67,54.32907742027791,1
82,13,94,72,28,0,19,55,61.92869566179699,1
33,93,45,75,96,15,22,56,80.3448056005469,2
81,38,16,47,76,45,12,26,58.87953237696652,1
24,2,37,70,81,58,16,49,52.72107121476623,1
40,28,33,54,25,11,30,97,56.49871272313714,1
92,84,27,38,84,36,7,77,66.52405079394119,2
96,35,29,60,39,31,20,99,53.74177727477673,1
93,7,73,32,80,53,4,33,49.33014420287848,1
31,72,10,96,88,30,2,87,71.67750589490433,2
85,19,31,72,21,0,29,38,56.50588891635971,1
94,35,47,74,94,53,4,94,47.87249570139262,1
98,0,54,72,63,85,20,87,65.48037292895881,2
2,60,88,45,73,59,16,16,57.578994928654446,1
75,44,93,96,76,36,25,98,82.46266683764213,2
100,87,30,20,17,48,17,61,64.30017005152112,1
77,33,54,57,75,14,21,78,69.58779248636026,2
23,20,2,7,21,23,27,58,24.106959246307824,0
77,16,62,29,27,44,25,21,51.617806697306115,1
10,20,15,58,11,59,22,99,30.37513846136332,0
48,45,7,49,18,49,5,11,32.61653197376638,0
63,8,67,95,98,97,6,81,61.267986123367486,1
46,40,17,61,33,64,15,21,36.53737108686732,1
70,86,48,41,39,2,20,79,70.04276320589379,2
24,77,10,43,48,52,21,42,57.27221339743834,1
61,64,75,61,72,58,24,23,74.71645123116832,2
65,90,77,79,57,4,4,23,75.2419852884515,2
64,78,58,27,54,38,6,32,44.50446495871823,1
29,65,84,59,84,88,5,91,56.62428619473727,1
30,87,44,58,50,36,17,77,64.91701471855261,1
26,12,18,0,77,46,20,67,33.434589753498756,0
46,82,15,92,92,22,4,63,65.80152103501013,2
59,29,22,57,68,7,27,42,66.30193918472898,2
36,74,20,24,3,32,10,91,44.43516091902684,1
41,92,32,63,26,78,20,27,59.724476447144916,1
28,50,21,68,62,99,23,95,62.78736328569067,1
22,8,59,92,48,66,2,38,41.86975069803476,1
66,37,14,3,28,83,26,34,51.266373007474215,1
82,41,62,41,33,65,30,48,52.327766185385784,1
29,94,33,18,7,66,29,75,48.59357046063526,1
86,95,69,58,23,43,5,72,63.56304569030496,1
57,57,51,50,79,6,12,77,73.59594971856382,2
16,96,91,47,1,41,7,9,54.50251524531188,1
36,44,44,99,84,87,14,16,54.79508852368845,1
0,41,29,53,34,54,30,85,42.106741750271325,1
3,84,59,41,81,76,23,99,73.45934300361563,2
33,67,66,6,25,5,24,12,47.24012629203315,1
45,52,44,29,83,20,13,91,66.31250781169803,2
80,46,56,90,57,30,29,26,69.67910389531065,2
13,71,47,45,85,36,28,98,69.6592119346016,2
84,76,30,91,6,99,25,100,72.571365931464,2
23,49,31,53,80,46,25,64,52.58533199375559,1
13,3,91,55,27,66,20,19,36.17513504714595,1
70,10,68,43,36,65,3,79,37.15417993420993,1
78,14,9,56,4,42,9,10,34.434640942363465,0
61,46,97,6,96,97,24,33,62.69749247808115,1
11,62,71,5,64,22,10,64,52.78096720063191,1
11,81,5,48,99,3,6,6,52.98926935902604,1
39,23,73,60,57,75,29,39,53.20073918098185,1
45,79,59,55,15,66,15,80,68.3918238704619,2
100,67,92,43,34,26,26,9,73.06385092637728,2
28,5,49,29,44,87,9,37,37.011277809942634,1
19,35,52,71,14,16,11,0,46.93772022682211,1
95,30,31,61,94,25,11,66,62.39640206815865,1
15,89,32,4,96,15,12,7,50.13727674135942,1
2,93,62,45,56,18,14,28,60.627391100984866,1
42,82,83,71,59,73,9,52,60.12514927479346,1
40,53,89,79,71,71,25,21,59.488160965727204,1
62,49,77,28,68,64,10,23,43.934130124029544,1
88,31,61,93,6,86,14,84,59.61139946888066,1
94,78,50,65,53,7,26,78,77.1100976447304,2
29,8,34,44,78,62,14,8,26.505976230228573,0
99,27,77,63,81,11,1,86,68.11614936619206,2
63,13,32,88,60,96,1,47,45.38628649970045,1
7,49,27,22,90,64,14,14,45.53344102046196,1
94,30,87,15,59,76,20,91,72.31787447479475,2
13,19,59,44,38,57,29,34,43.74870204248539,1
59,38,35,8,44,38,4,32,30.880216871802592,0
79,86,87,84,69,69,17,14,81.22034626408242,2
25,56,97,98,89,84,9,89,73.60581753992285,2
27,83,32,61,23,17,14,28,50.22924847731101,1
48,92,52,98,29,88,14,59,63.69039327292113,1
89,91,48,6,65,73,10,24,54.184679764667955,1
22,35,70,63,77,8,1,90,54.73325393235703,1
67,88,96,44,40,94,3,79,70.88457835299268,2
45,91,55,28,64,18,16,50,65.3861534824472,2
11,96,80,31,0,60,7,34,56.943456857570986,1
71,35,60,55,29,13,10,66,57.796028443078825,1
84,23,89,64,96,19,3,50,66.95576954737417,2
58,59,40,16,58,64,2,95,47.69261780716456,1
17,94,38,62,87,68,4,68,55.985222108919736,1
15,90,42,93,21,69,12,2,49.87063934888113,1
42,57,100,1,29,34,5,83,44.270968023428445,1
51,15,61,88,98,82,7,19,38.494559092409176,1
55,42,15,61,100,4,10,30,48.76820930455498,1
24,72,4,34,88,86,9,44,55.843258568195836,1
50,56,52,74,32,30,1,21,51.99160127775395,1
29,34,81,62,80,62,4,95,55.65085686792942,1
69,34,48,77,46,91,29,98,67.90087893284011,2
80,6,56,8,85,25,21,15,32.70957284562376,0
65,29,80,5,85,41,4,32,47.28258629877455,1
0,67,52,64,43,83,9,37,54.174953578884896,1
100,24,91,30,30,87,12,67,52.36330431746372,1
2,100,64,24,98,23,28,60,57.6280628425086,1
100,8,73,42,45,51,27,68,55.69635679133981,1
3,59,78,73,43,33,24,3,61.69557196989872,1
52,50,63,18,67,52,4,51,49.27177794138601,1
10,84,5,98,94,38,15,21,53.690139431238606,1
9,89,43,42,13,0,15,23,61.15577507510323,1
69,54,14,15,99,93,20,78,48.1471489025292,1
73,63,51,7,42,64,26,14,48.262452510320706,1
11,70,14,86,2,46,10,3,33.78568399608677,0
98,52,51,11,31,10,17,49,46.873987910518395,1
32,18,34,42,46,7,8,74,37.44709330558906,1
32,43,2,67,68,48,7,51,49.276900959076464,1
29,24,12,51,57,65,10,16,41.233188671317606,1
46,46,50,26,13,26,23,78,45.82299096780523,1
17,62,7,10,49,75,14,38,27.949138674890452,0
42,21,86,71,23,39,21,71,57.92183589995885,1
21,25,76,49,27,1,21,20,46.40778147357513,1
5,83,71,4,71,54,11,92,55.3622580133207,1
37,38,17,18,81,18,29,28,47.3344388774404,1
67,20,80,56,15,1,2,98,50.93460132193792,1
77,72,64,17,60,13,27,38,64.65890512733529,1
35,72,39,39,42,28,1,73,48.61009322825858,1
32,83,0,12,34,52,12,50,46.58146236222273,1
79,76,53,80,72,99,25,7,84.03075700423526,2
68,100,80,63,25,22,21,9,70.96791891024316,2
84,58,3,79,77,5,10,40,62.79056651217183,1
91,28,5,5,40,19,27,19,41.29516819414041,1
82,87,38,37,9,32,5,61,51.30246919410025,1
94,26,51,27,80,20,21,13,58.38987022662893,1
42,29,47,62,86,32,16,59,59.01705845448678,1
39,83,43,82,56,97,7,20,55.22717875174386,1
32,89,25,22,73,38,28,18,61.002400914254856,1
23,34,6,77,14,64,23,37,39.853938610072326,1
75,73,3,58,34,69,1,58,44.78966016915376,1
72,93,9,83,35,13,3,40,63.98962667253775,1
80,80,69,8,77,25,2,35,59.781955020395955,1
16,0,79,100,35,41,13,34,51.282508876663755,1
49,67,43,43,73,46,13,34,60.92928170044908,1
22,17,7,28,30,1,22,40,30.084642016227427,0
90,85,41,18,60,65,21,84,64.29747838151881,1
27,6,99,99,21,30,1,58,48.1104625003468,1
14,100,25,89,56,32,15,42,66.70985327801193,2
57,17,49,13,8,60,24,75,41.01252626659029,1
88,42,54,44,74,95,27,53,64.9084732488167,1
92,23,33,74,2,87,9,95,49.535428339169385,1
9,82,44,59,100,98,2,56,63.00090212013934,1
32,39,47,19,84,41,5,21,35.83418863544034,1
15,75,47,36,58,12,11,56,67.28642071292893,2
31,6,72,37,91,21,14,78,54.74842228092255,1
53,45,58,29,81,34,11,21,43.38508758097994,1
28,92,5,97,14,30,3,20,51.92137598561849,1
6,93,0,20,75,21,11,60,52.77610110819279,1
51,21,41,71,38,15,9,89,49.08378536688174,1
5,39,91,92,86,18,15,33,53.38913571453976,1
22,41,3,80,87,66,3,51,40.615616350406626,1
0,57,7,80,96,49,24,66,62.012557666073306,1
8,54,68,16,45,3,13,67,34.982301164589764,0
44,10,45,13,19,56,10,14,15.293932568923868,0
85,77,23,79,12,85,28,39,66.81100848160355,2
78,22,20,75,16,42,23,100,53.99470469891902,1
9,31,67,74,100,32,5,89,54.14531766237122,1
3,84,52,42,59,27,5,77,51.3416071160648,1
34,69,64,52,35,38,1,2,36.83511712293408,1
65,40,28,1,45,28,17,42,43.226720582729676,1
75,92,53,29,17,93,11,5,45.690738669895325,1
83,39,86,53,57,100,12,30,54.115486892496776,1
34,57,31,12,42,34,16,87,48.05071081952307,1
16,24,40,13,80,93,17,39,33.50023478727471,0
2,18,16,4,2,86,1,17,2.532080142193985,0
14,49,64,21,94,7,4,72,38.363369451656425,1
6,56,3,100,6,49,24,76,52.72455507520689,1
86,81,25,70,42,66,29,66,72.2439578056504,2
27,39,72,95,34,42,26,81,61.08567525389977,1
83,90,1,25,72,46,28,70,60.25560536719891,1
55,61,99,60,66,49,14,64,69.25657487192116,2
54,7,40,90,19,69,25,89,55.43283056315462,1
45,74,40,35,49,29,27,32,57.30655328794584,1
82,58,54,66,53,60,27,46,77.68839312295292,2
4,39,64,69,46,24,5,56,50.83864701563018,1
9,47,46,84,2,89,5,67,41.176301461955745,1
42,30,89,97,17,8,13,48,62.26967253657938,1
39,62,97,62,50,6,16,44,65.09197367034646,2
55,57,20,58,26,3,29,16,52.84115652713592,1
74,45,71,87,55,35,10,64,75.14818278386613,2
59,28,30,69,16,61,25,12,38.801652731156885,1
26,40,100,36,74,99,27,47,56.85985788832975,1
33,50,25,63,19,45,29,41,56.22826001589763,1
75,47,29,55,65,18,6,78,59.90394334904935,1
20,31,72,23,84,37,8,48,42.30568208778733,1
50,58,79,52,36,12,7,0,40.51304140775499,1
54,22,12,62,14,47,23,51,28.25791834683774,0
75,50,56,91,0,73,21,21,69.23708713856449,2
72,12,34,58,36,3,13,38,46.621070927504874,1
46,47,61,16,11,78,3,29,29.645561165482427,0
31,79,56,99,89,23,16,16,73.44674133477903,2
37,82,99,58,98,67,22,95,75.5439551701799,2
41,70,94,28,99,82,15,25,59.702792335622405,1
22,75,66,76,93,78,9,51,59.90435764204221,1
63,6,68,38,59,67,18,83,41.76035849261298,1
21,34,90,37,32,70,20,36,31.85009032497247,0
65,66,18,84,45,18,18,94,58.644055646626995,1
75,80,73,87,26,13,27,40,82.17772658362478,2
97,58,77,52,84,38,10,95,69.72870823273982,2
12,86,12,37,44,61,19,45,50.60935267081728,1
76,27,89,87,38,62,26,1,66.66988433907129,2
8,15,70,17,69,78,7,87,37.429478111244755,1
34,8,35,75,37,31,9,87,42.49859672607357,1
17,58,48,58,36,87,2,97,49.04813752316599,1
16,67,49,86,22,45,12,12,47.220277800855314,1
17,28,92,42,6,24,2,85,47.93345557233978,1
4,79,97,84,3,74,23,34,70.51920324486696,2
83,74,81,1,40,12,3,85,67.19887098222574,2
6,36,65,76,100,40,21,97,52.4106205913586,1
40,24,10,7,26,78,18,20,21.617839446839316,0
70,74,92,64,64,77,30,37,75.75495483268693,2
100,67,13,19,32,25,11,27,51.098347762535255,1
86,17,16,97,30,16,11,30,40.12611277378771,1
13,25,7,77,16,3,8,60,25.67933803778621,0
99,49,95,10,56,9,17,41,69.24073849775236,2
66,51,49,90,66,83,7,66,60.595284088341316,1
18,16,23,25,35,79,4,68,16.985561969280603,0
45,95,8,55,53,51,29,20,53.758155153662244,1
92,39,41,8,48,57,21,4,46.47284785987329,1
39,38,73,10,27,32,4,75,35.064713881219014,1
18,6,100,24,69,19,19,18,42.789753853104294,1
88,88,55,53,55,1,10,20,61.53763582352097,1
96,23,61,54,6,67,6,60,36.67479923569588,1
98,99,84,86,49,3,15,26,92.28628097932794,2
96,50,91,16,39,10,24,19,61.629139467733864,1
88,88,28,75,80,80,1,30,64.5674948325713,1
45,18,100,0,30,58,11,52,34.141829669910344,0
19,16,52,29,96,49,28,85,60.33940221445141,1
62,80,93,17,62,22,12,99,72.59918027317235,2
22,82,11,12,13,15,3,73,44.450878189814546,1
47,54,9,59,40,47,13,90,48.6078439350648,1
66,3,89,90,89,36,21,53,67.13399924107746,2
95,95,67,67,25,53,30,41,79.83319349597919,2
29,39,17,86,71,16,19,82,55.95958534411695,1
25,94,90,59,79,23,2,30,65.31680734597816,2
74,87,10,5,69,11,25,82,59.29833796070049,1
0,86,68,34,9,42,24,100,58.42435518501331,1
57,69,20,83,37,27,20,39,52.91163501689651,1
75,67,7,4,35,22,27,63,54.041820115482345,1
55,53,81,9,34,55,24,78,56.40427921045746,1
38,2,85,84,88,50,7,79,56.380148828956074,1
83,39,10,6,0,21,13,20,33.8471028739125,0
37,73,9,96,54,70,16,97,63.28035721760215,1
71,82,62,76,99,34,15,50,75.13921555203628,2
46,56,2,67,88,34,20,4,57.02235692873207,1
2,71,75,54,61,48,22,11,58.32208403092623,1
53,2,92,9,100,14,4,73,44.466378567145796,1
4,47,75,41,40,42,18,43,42.411686246541656,1
94,51,23,81,61,58,2,10,54.23215909743727,1
60,90,19,91,54,12,16,52,67.6879660831159,2
37,31,68,45,4,57,13,60,50.500714659293614,1
49,23,6,84,4,3,7,8,36.70885428516525,1
62,35,54,78,90,60,30,35,67.0176014012833,2
26,17,45,5,17,3,8,46,20.233650157865824,0
29,56,75,62,35,17,2,78,59.26393668221984,1
42,64,20,62,62,35,11,65,52.51037060033351,1
26,80,76,54,58,62,23,8,56.033516133513764,1
76,98,70,77,51,72,1,62,77.45568797845951,2
10,7,24,89,98,47,15,91,54.84393632595138,1
83,24,36,55,79,13,13,5,36.48931434518664,1
35,30,6,32,95,39,26,99,51.773375417414144,1
56,25,45,99,66,79,1,9,49.89311772328573,1
15,83,26,97,98,9,1,62,64.83242306531304,1
38,14,11,69,60,72,17,35,41.662181994138834,1
76,3,56,64,54,38,6,73,39.37187198254594,1
27,86,57,10,82,0,22,85,47.30387640395564,1
13,97,8,40,87,70,9,86,51.48719056977838,1
52,22,18,20,6,2,17,87,38.1534827306029,1
16,33,8,52,91,37,2,82,24.540262628874665,0
31,50,68,83,69,19,21,31,58.368723596562965,1
45,53,34,22,90,58,16,46,39.38343418480368,1
56,100,7,100,72,5,1,72,71.3542549648119,2
64,40,19,13,93,9,8,17,55.10739554773509,1
68,1,98,9,27,53,2,58,34.3469440320154,0
85,42,25,98,18,100,2,53,51.3649829280148,1
6,56,69,10,19,4,21,99,52.0253856447294,1
36,52,47,74,25,46,13,5,46.757839346863435,1
0,51,18,77,21,81,25,9,38.520049378863966,1
0,93,31,33,44,29,8,3,47.38987554487002,1
21,81,1,6,20,49,22,55,41.76132290307083,1
60,25,75,31,15,84,19,55,45.62175456939872,1
90,35,33,6,52,73,20,59,46.15731908459521,1
78,67,50,67,80,29,25,24,69.11361177163762,2
65,41,15,89,13,75,22,31,55.70302531138998,1
78,43,83,100,51,68,23,42,70.00122428072495,2
17,16,22,80,66,51,23,4,49.377517276136075,1
84,25,57,78,71,44,14,76,58.8871218022643,1
89,74,88,89,10,93,22,5,76.75270372703467,2
9,85,72,77,74,88,26,67,74.20224049853051,2
47,79,60,65,2,100,23,45,51.368790461687965,1
83,31,89,100,23,68,19,100,74.61387180731384,2
48,13,17,32,32,36,3,69,27.67818261009632,0
84,16,97,41,86,11,14,48,61.90056832608486,1
94,39,56,91,19,12,2,70,58.2902371771285,1
47,52,41,31,79,96,4,11,41.76252701520153,1
6,90,25,30,99,36,11,18,56.948584762859205,1
34,90,75,15,96,11,14,50,68.01106991288012,2
21,0,98,27,30,22,16,86,34.40780764938553,0
47,71,69,59,9,2,28,82,59.701421350049365,1
59,30,3,89,22,53,23,38,49.894653661591995,1
46,19,47,13,77,59,13,28,39.979122761374654,1
19,56,73,68,19,38,11,97,52.10333012367742,1
30,3,40,77,65,75,22,57,56.787892897892235,1
68,33,78,90,37,48,9,11,60.59096962361757,1
2,55,71,75,77,96,27,22,54.28654180769124,1
21,27,6,15,61,77,24,84,33.056468105104045,0
90,59,56,49,59,7,21,90,70.65312071772051,2
10,46,17,96,78,27,8,91,55.65887353355504,1
41,80,49,91,96,76,19,0,76.36694496239066,2
20,18,38,61,36,54,25,83,52.06713783796932,1
10,5,81,97,53,76,3,11,40.92041708100835,1
42,53,87,67,63,33,6,81,68.22743336533529,2
52,25,46,6,83,3,16,89,54.61785135806729,1
17,71,54,92,48,79,11,36,57.91956436959921,1
7,9,63,16,37,79,22,19,29.89571207621454,0
13,58,66,38,85,64,13,72,59.06512532455369,1
65,99,64,24,96,40,30,6,74.8056343418933,2
86,9,79,72,57,0,9,58,54.787177029145255,1
18,30,99,3,10,73,11,33,26.53374145592363,0
32,85,83,64,29,66,1,42,54.888432029883695,1
34,53,13,87,46,67,8,83,49.290014325718666,1
36,17,48,79,71,17,8,100,47.29139656418608,1
24,21,46,31,67,73,23,40,45.155711765694235,1
5,77,51,90,82,73,11,29,62.91844876121401,1
53,86,53,36,3,86,7,84,44.40380054224474,1
36,36,72,68,47,57,10,41,49.414499729634784,1
34,47,42,51,70,73,17,20,47.42428509648424,1
26,79,26,6,99,40,24,91,60.71166657105963,1
93,17,46,0,14,70,30,100,39.70846530811405,1
61,20,86,18,88,70,2,29,36.366034584033535,1
42,78,31,94,0,78,26,15,59.32834697620346,1
20,18,2,96,19,86,12,15,23.056227926388267,0
80,77,98,41,85,0,25,60,79.90401904167202,2
89,50,19,97,79,78,2,31,59.18353688545064,1
3,99,60,4,98,80,19,62,57.67029409063928,1
93,3,80,97,60,55,28,76,72.6763057270671,2
70,95,27,23,62,52,2,0,59.891423706868444,1
10,22,34,3,54,72,24,86,25.723046796454597,0
76,3,28,76,51,45,4,2,44.729489496396496,1
10,73,15,38,51,41,30,11,31.467052563211745,0
5,53,15,29,29,81,23,73,46.97226689290391,1
11,84,18,76,86,79,28,62,53.74278395677706,1
46,10,46,33,36,20,27,98,62.24836782820874,1
62,8,53,76,61,83,10,57,47.721393023137075,1
41,57,1,19,67,32,13,42,49.86229836463821,1
12,89,85,8,54,13,21,67,65.58493614046519,2
20,40,68,32,61,88,6,76,42.19106545217355,1
86,80,7,61,4,24,10,67,54.49150469087439,1
97,91,85,22,31,20,3,37,57.60704622120634,1
76,87,3,14,45,27,27,96,66.66422099866573,2
10,51,56,75,39,49,8,30,44.129191374689185,1
82,70,46,49,91,16,13,34,62.54609883169559,1
69,53,50,43,90,16,14,28,63.42365607173691,1
53,68,96,24,71,39,12,30,54.2469413515655,1
14,57,93,1,35,22,24,21,42.24610624948798,1
100,53,28,5,5,19,28,58,50.45263518923316,1
44,44,58,68,76,92,18,73,57.51542306443239,1
4,65,96,8,89,60,26,43,53.110707914480386,1
21,75,73,24,49,1,4,93,64.52989920683675,1
40,92,89,92,83,10,29,47,85.48458879828912,2
6,61,43,34,93,82,4,47,43.50223824129832,1
32,10,28,75,55,27,2,6,33.919249171587666,0
47,59,51,34,21,15,1,91,51.2567299309944,1
95,31,82,94,2,67,8,14,48.67681790395682,1
8,2,93,83,76,84,26,16,52.84329240275032,1
58,7,69,47,56,40,10,94,52.19492114035543,1
92,59,71,69,15,75,24,52,55.258067695555305,1
81,95,51,41,5,42,13,6,66.14553362045257,2
93,51,32,95,97,10,4,44,79.75488136457925,2
17,44,42,36,32,80,15,59,34.89662240353097,0
80,8,50,84,33,92,7,1,35.61544077381631,1
98,68,82,62,63,99,9,76,74.24830898215147,2
32,5,56,65,36,10,16,67,36.57482027301228,1
50,84,80,35,92,57,24,1,74.57569772221352,2
53,82,2,84,68,62,18,62,63.26927758548564,1
49,100,76,75,36,7,7,22,77.2008415698529,2
29,28,51,82,26,96,22,74,45.85357977768241,1
98,16,100,80,86,10,21,38,72.87678748659967,2
96,30,47,15,59,27,8,20,52.5132756394642,1
38,80,48,88,92,97,26,51,72.29056312216703,2
81,22,12,85,34,56,26,44,55.35255045905444,1
40,89,81,24,2,68,19,34,58.42595253382808,1
80,15,70,99,90,49,9,88,67.03371529499502,2
59,4,87,53,24,75,11,65,37.209565456713854,1
47,22,9,32,85,8,14,49,34.42773642215453,0
12,76,21,22,71,68,6,22,43.45059649662725,1
66,60,88,36,23,6,10,57,59.79267032198572,1
32,35,4,3,76,18,5,2,33.69997903848654,0
21,66,51,69,8,51,5,89,49.19573168610446,1
19,65,40,71,39,45,23,0,41.95557645439675,1
99,56,94,67,36,15,4,70,55.623486162310556,1
10,51,86,55,66,80,15,34,69.7777752061102,2
80,10,90,36,53,30,13,72,57.38153811122502,1
87,26,29,73,61,87,2,36,49.97075053649377,1
3,53,59,88,48,1,25,2,56.861838561882905,1
59,13,70,8,74,23,30,95,46.50196631060538,1
58,48,97,38,16,29,20,77,53.92076805422172,1
36,11,0,100,72,60,21,4,55.049980767947446,1
67,79,98,87,5,40,7,3,66.68008371511331,2
41,10,35,100,8,15,26,53,44.80841405423239,1
44,9,12,18,73,57,24,96,34.74910803150057,0
43,64,62,46,15,96,14,58,46.71583534633261,1
80,22,78,13,77,13,22,1,48.547416116662724,1
63,35,13,87,13,25,29,70,68.79487621508022,2
38,31,4,52,14,48,19,43,34.910395744204266,0
93,21,90,24,94,73,6,64,50.50268929520193,1
81,76,94,9,17,13,10,35,55.18838581833948,1
94,69,15,74,92,23,6,0,65.066030810268,2
73,24,91,81,35,23,10,1,46.636720534475764,1
39,69,91,88,80,62,27,63,81.45299320671568,2
78,72,100,98,94,8,6,64,93.53349571362943,2
33,54,21,82,11,66,27,32,50.39202769950458,1
27,58,58,79,33,42,9,8,44.67760908890193,1
45,94,100,81,58,33,15,78,77.9967773745791,2
97,45,91,100,87,87,16,15,65.92698414002882,2
57,38,61,46,18,82,4,19,38.086988595384796,1
38,54,19,76,18,81,6,45,45.27467974097948,1
46,84,8,82,37,89,10,72,53.070204490807136,1
29,71,26,11,20,23,2,100,52.93820090616577,1
66,7,6,69,26,86,23,63,47.07367697270689,1
35,46,19,34,13,17,17,96,33.12333596630934,0
55,74,7,13,83,33,26,65,46.88642464895466,1
37,22,76,17,80,56,26,85,47.545857183777095,1
32,99,59,11,14,75,11,17,53.59911244055564,1
97,81,52,90,54,58,25,5,80.66553026331417,2
34,85,81,77,65,56,2,67,77.90227317334973,2
7,8,41,10,63,38,13,98,34.101255719376525,0
38,58,40,63,99,59,20,74,64.57306403222634,1
53,53,20,66,64,47,14,34,46.074943083636256,1
9,63,44,52,69,48,23,49,57.08810354950077,1
30,85,17,61,3,59,26,11,47.002990998497886,1
16,35,59,91,8,60,13,34,43.101966857108835,1
50,53,100,52,62,33,9,68,73.43830504631701,2
73,68,53,66,91,13,18,16,69.05192638281264,2
97,76,30,57,40,30,27,48,76.87588866428611,2
39,77,69,40,64,41,30,29,54.50155203314432,1
87,34,82,89,21,16,25,49,84.13867339717753,2
21,100,47,41,46,17,8,77,57.39037722946778,1
78,0,25,80,75,96,7,89,55.87310413964416,1
56,49,72,61,66,28,18,41,67.78763747167906,2
76,61,18,69,11,74,13,83,52.50585961774738,1
76,6,100,76,88,12,19,70,74.78418054035433,2
53,45,32,74,93,98,28,93,73.84601905948743,2
25,60,35,56,48,21,17,74,50.671132993725394,1
53,61,73,62,34,39,11,55,54.97219865490864,1
83,12,1,51,53,78,27,68,48.53184094090846,1
98,28,20,34,80,20,14,32,50.92703631388799,1
93,24,12,73,45,55,19,68,63.95878057509721,1
18,64,39,88,3,79,5,71,52.36600910967048,1
60,33,55,71,7,2,16,61,52.27745858322146,1
10,57,18,77,81,2,13,10,54.55646775224604,1
67,73,34,83,79,79,4,52,53.130081533219865,1
100,80,77,37,77,26,7,71,70.45813415820956,2
5,18,94,6,12,91,22,19,29.156926049913327,0
66,91,1,34,17,93,6,79,55.652193011354704,1
95,16,63,76,39,88,4,85,57.33861600793476,1
85,2,2,82,23,100,2,54,45.59943399986594,1
39,4,52,51,39,83,1,97,43.43763914815159,1
10,20,88,78,56,38,14,86,52.63002345557193,1
93,88,80,7,28,100,15,47,58.37981612427739,1
93,20,23,65,12,34,19,89,55.23053011743142,1
58,70,26,68,40,59,18,94,60.90818668286181,1
98,42,79,51,72,0,17,10,74.05774106749956,2
0,4,82,72,62,97,30,100,47.107643194246265,1
62,44,28,49,32,59,8,0,41.33663870254632,1
3,2,0,52,31,95,22,49,29.71268088163034,0
94,48,44,61,58,35,3,94,61.72931806323339,1
68,56,62,80,17,31,26,73,64.20720400410451,1
92,52,44,25,84,52,11,26,55.13351222130001,1
56,28,94,30,87,87,11,65,60.28199107671105,1
8,77,82,42,2,55,5,21,38.800912014832875,1
2,60,79,20,98,80,16,23,42.99647287854425,1
33,25,2,33,2,21,12,92,38.843508661958154,1
75,43,86,35,46,78,30,4,58.475778837613525,1
15,10,76,31,67,73,6,97,47.5871445829371,1
86,93,40,41,33,90,13,45,65.28599038760464,2
24,76,59,50,20,5,28,6,66.67933584969178,2
50,29,83,70,4,38,25,79,63.78983221363927,1
20,68,91,30,73,8,23,4,53.03552262875108,1
47,68,55,85,3,40,16,32,59.3316078033895,1
45,61,4,48,48,76,27,24,44.90506767373873,1
0,5,62,72,39,64,7,79,35.985243016973,1
57,88,68,11,97,76,25,40,58.144997596308215,1
79,96,5,17,93,74,18,66,62.613320908800766,1
94,98,82,45,82,100,11,7,75.23020573120819,2
33,99,20,36,73,88,7,70,56.223869769197556,1
88,93,89,50,54,59,16,71,71.41378958050784,2
88,74,55,15,35,88,1,28,38.56188400519011,1
99,5,32,47,16,4,22,89,63.321075612883405,1
37,46,5,69,97,72,8,47,53.05096451824899,1
85,24,1,73,38,52,12,67,44.34558498240069,1
57,22,74,25,43,96,6,18,39.220700758217255,1
5,83,38,34,14,50,14,94,61.31511646683652,1
27,82,84,53,27,18,12,24,60.25277415787537,1
67,52,23,52,64,73,6,63,35.8075927858288,1
16,74,92,79,43,95,27,9,78.00375012792166,2
43,13,95,39,59,1,23,4,37.30452111825773,1
78,22,10,67,21,6,12,12,39.753928327739004,1
15,86,65,89,8,66,2,95,52.8495741998029,1
50,45,94,30,89,56,26,21,56.03998734016072,1
21,55,32,83,43,55,21,88,60.62645810989583,1
54,46,6,33,36,9,17,58,32.06385894720835,0
24,20,88,33,28,57,19,8,36.46852648706246,1
97,83,47,65,66,57,1,44,74.71405453644816,2
7,76,2,62,56,85,15,48,42.51055805247469,1
97,69,84,55,39,39,6,26,55.74828964034707,1
79,35,68,23,94,35,20,61,60.734169387065556,1
86,64,7,9,91,8,28,86,62.45995105969174,1
86,96,26,91,20,57,16,89,71.17863397799319,2
18,65,1,88,64,65,19,53,48.569923543294315,1
94,49,96,89,97,28,21,90,91.83510748711673,2
60,27,2,51,49,73,28,93,54.59158106865038,1
97,52,80,89,3,94,2,8,48.87611959326109,1
88,37,51,47,13,17,10,64,45.74647813237744,1
58,61,58,7,67,57,9,78,53.758951964034345,1
37,4,81,20,91,70,22,1,35.090170051474004,1
11,19,90,27,12,1,14,60,38.651971896180726,1
10,79,12,38,55,18,24,92,64.69827917169637,1
39,38,1,94,50,39,15,27,48.10106391263011,1
81,43,12,33,28,13,30,86,47.918301795364556,1
51,54,68,61,63,35,24,94,71.9826209839305,2
48,44,57,27,88,14,1,64,50.5840716228823,1
24,76,8,64,24,90,30,63,52.52905777505212,1
57,24,23,57,5,60,29,54,46.791937237272734,1
64,76,54,15,36,33,2,41,52.47622441666995,1
99,21,73,46,31,78,12,45,51.19301299283983,1
73,37,34,10,73,1,30,52,54.0859180997443,1
61,59,95,89,54,60,26,48,87.48124894284032,2
91,89,100,71,1,69,15,83,83.09332399344379,2
42,23,77,95,34,81,17,77,63.30127670839101,1
94,59,45,88,74,22,1,35,68.30723567528118,2
37,6,88,22,48,59,17,51,34.44554058463016,0
12,7,73,71,56,77,20,21,49.41431831560397,1
42,77,52,10,26,80,11,17,41.765764880308126,1
13,72,44,97,32,17,10,37,53.1469859170612,1
11,38,84,79,13,98,25,5,44.31115727847383,1
89,62,56,68,8,27,14,86,59.242904602571116,1
80,38,18,100,3,39,8,12,53.79397425791517,1
22,28,100,85,63,19,12,32,61.74822249873072,1
84,43,6,87,15,15,15,25,52.7397947691701,1
6,31,70,10,57,25,8,20,32.49328655824838,0
28,82,66,2,96,13,17,37,53.61598673650093,1
71,41,59,97,70,74,26,72,60.63956413744888,1
30,32,5,25,58,60,23,90,33.9524386200396,0
73,54,49,43,11,39,7,19,40.274127962884265,1
88,76,90,4,49,55,15,24,53.40220170791688,1
6,27,24,62,90,61,17,47,47.116163747696405,1
2,94,69,82,38,18,21,32,69.65896245183993,2
94,46,86,85,83,29,23,80,82.48936468659377,2
52,66,96,58,71,89,15,22,72.41350161072862,2
51,96,52,66,26,1,10,40,58.742613682480226,1
46,43,31,51,14,96,20,55,42.716777239510336,1
43,20,70,45,1,97,4,38,32.02407692433443,0
69,75,49,55,27,25,21,62,70.6731179730065,2
58,0,63,94,33,32,27,80,59.455322492493075,1
16,46,74,25,66,20,22,53,52.39141348734877,1
63,98,71,47,57,56,14,46,59.28094130995248,1
67,41,24,60,48,21,25,96,56.190559744735474,1
11,69,76,57,73,79,16,99,71.21571364218549,2
38,53,54,3,77,39,17,100,41.44794641841689,1
79,21,94,29,72,97,26,1,60.82795591458376,1
62,32,66,65,90,86,6,84,64.2379869337254,1
13,52,90,70,36,40,24,90,58.774872029817466,1
4,10,98,74,83,60,21,81,52.87770614155628,1
58,41,100,100,42,2,16,75,84.56573179908983,2
46,41,75,67,18,6,3,36,57.038434838876526,1
97,84,60,58,14,51,23,73,71.10335537073902,2
52,12,11,33,9,47,7,58,28.447550376714275,0
94,85,38,37,96,40,27,83,75.66291183453838,2
21,41,48,83,17,9,24,35,51.768703866956635,1
45,65,78,47,84,84,11,75,60.41657786858422,1
14,56,59,72,79,41,14,79,61.668741854954924,1
57,30,44,12,44,47,1,84,50.051976278588455,1
19,94,14,12,92,40,15,17,48.70631572069744,1
49,22,72,21,91,50,2,87,43.031868712358246,1
34,3,43,19,93,65,30,21,31.941767712090154,0
18,75,3,61,50,77,20,94,56.02270654418688,1
9,62,28,64,30,55,8,3,33.90462907304325,0
51,89,88,56,4,16,25,22,65.64961885189524,2
95,46,12,29,84,88,1,61,40.14298144122872,1
20,1,41,58,88,28,17,54,48.891500807455294,1
40,2,51,12,54,1,4,69,27.10901076924197,0
22,43,8,47,7,3,2,40,30.667783555664034,0
81,25,16,15,83,78,8,0,34.300180695360176,0
41,93,94,7,30,39,9,62,66.66033377367322,2
98,11,59,16,55,2,22,51,52.28893504057717,1
24,88,21,11,66,81,27,51,63.49283168868756,1
8,21,17,48,14,30,24,38,35.14445440037452,1
58,12,42,55,6,98,23,89,52.41243553387487,1
65,27,73,61,8,88,17,80,50.47721076146248,1
100,14,73,44,96,4,12,18,60.87301829694193,1
88,40,19,17,96,69,8,3,51.82186153411374,1
89,33,73,2,43,60,29,18,54.389759691504295,1
64,53,90,71,43,17,16,4,64.75595966910743,1
36,54,22,99,41,34,17,71,58.18239100327362,1
43,0,2,28,35,49,1,62,22.267341037159678,0
13,12,96,20,54,14,14,46,46.72597170962014,1
43,16,52,31,35,72,21,59,48.485467492392836,1
36,19,78,21,62,28,15,81,44.22282362432197,1
3,9,32,22,38,94,19,83,24.77744615387018,0
20,31,30,49,63,80,25,43,38.945197270378706,1
53,55,22,79,95,64,1,59,64.06820369438094,1
37,31,21,71,20,12,28,58,43.62314986762489,1
100,33,47,96,6,2,25,95,74.62562043613049,2
48,47,10,36,53,14,13,76,51.13414205872607,1
96,55,85,49,12,50,23,31,58.24944893380531,1
66,33,51,38,23,78,2,89,53.423155883107604,1
4,22,92,4,79,15,10,40,29.97644655139264,0
20,41,50,39,42,71,4,76,51.01719559855135,1
71,2,30,26,55,4,20,98,49.02331518547298,1
55,49,52,48,78,26,26,81,53.66920186004785,1
30,95,15,15,12,60,19,10,49.401277814929685,1
52,40,83,74,48,83,22,20,63.95327502531994,1
91,10,72,85,3,78,5,80,49.35072989952178,1
39,71,14,97,50,53,29,12,55.70167660855162,1
4,12,58,8,22,3,6,1,9.215599536969684,0
31,19,54,11,92,29,16,26,54.87267697086235,1
94,14,20,97,26,79,21,49,48.53970875502894,1
76,89,12,85,20,8,26,12,57.71846862799444,1
84,99,76,59,1,71,29,15,70.3575147461009,2
92,57,26,32,13,71,18,34,37.76263919943331,1
11,62,52,52,21,75,18,60,41.48070960933266,1
28,65,25,54,23,21,13,54,53.4498151649628,1
6,61,65,85,74,24,18,80,69.72526356891629,2
0,54,4,53,89,20,21,99,52.59178024156371,1
84,99,36,2,86,39,20,3,61.419840037588266,1
94,74,55,70,96,52,18,69,78.05517681879999,2
15,8,44,78,90,12,14,16,45.38801314378576,1
72,39,61,30,46,57,6,36,41.52913170464209,1
54,98,18,11,39,24,2,34,42.72856408283545,1
6,40,44,14,65,56,13,70,35.61593117472739,1
92,20,76,84,32,30,12,25,53.154834888865466,1
87,87,33,45,60,96,19,90,76.39346597849888,2
57,62,15,53,100,32,28,38,69.02070435207833,2
71,56,85,97,20,88,22,82,66.7058203896543,2
40,42,78,6,77,17,25,96,51.613637244744574,1
80,12,68,20,94,8,18,51,53.946340141216304,1
44,38,80,84,54,19,28,10,75.33172558973727,2
99,44,78,54,35,42,29,70,63.37376877782072,1
6,94,75,2,25,91,5,42,39.93265366177576,1
17,31,51,70,16,17,20,34,44.29232248230598,1
97,15,1,13,32,79,16,46,33.508146955729096,0
29,43,60,78,75,70,30,30,58.46074075468307,1
31,100,27,80,52,34,18,28,71.49047983319133,2
79,48,78,83,22,33,1,99,67.62675173766073,2
19,38,47,46,54,95,7,28,42.844831942470464,1
51,67,91,27,81,72,4,46,61.64627969799798,1
28,65,60,89,1,24,7,72,61.20368993083592,1
19,30,55,56,2,92,3,22,38.73643499784438,1
97,97,92,64,96,41,24,62,100.0,2
20,59,47,13,75,8,15,90,66.56882375757549,2
9,5,37,62,58,82,21,82,49.31404768844315,1
68,41,37,58,91,87,30,2,54.37331934083496,1
87,93,88,29,59,44,20,40,77.93387225083497,2
12,39,76,77,52,71,15,0,51.79261107390757,1
71,57,16,13,21,23,9,61,53.49176943139313,1
54,61,49,72,81,85,23,32,59.05704889994227,1
83,71,37,97,77,37,16,90,83.81770648835762,2
12,88,65,57,29,26,23,17,52.68357793139825,1
98,15,5,10,74,50,1,85,43.85527062460081,1
62,52,72,55,73,26,5,34,57.591520012401695,1
85,53,74,53,9,62,4,92,60.54681282514533,1
36,15,22,55,16,75,21,20,23.92797088351145,0
95,68,15,27,60,40,16,27,59.74935888933539,1
63,11,63,63,62,79,10,35,48.8663570911166,1
12,46,25,26,66,43,10,99,45.14315729063143,1
93,33,95,56,37,97,19,74,75.46136979908398,2
80,15,78,60,84,26,29,82,67.75509961039306,2
30,83,96,65,45,71,30,55,73.67359254863187,2
55,24,54,80,20,54,15,80,53.61162419423554,1
39,25,94,89,11,95,21,63,56.5182349614444,1
54,86,1,78,88,22,3,67,79.09082342785668,2
97,88,29,80,71,19,29,84,86.36284255448248,2
90,3,0,87,46,87,1,99,43.77632120307043,1
21,28,68,24,21,91,11,58,45.36541677268333,1
98,71,51,29,9,75,22,44,54.703867407366225,1
44,78,29,53,15,47,30,65,48.80893111674567,1
71,100,30,47,10,41,6,74,54.614937761426894,1
77,56,65,70,53,67,20,99,64.54047503574286,1
48,0,18,0,19,75,6,70,9.050207202113294,0
46,88,51,14,12,27,2,96,48.22190997379119,1
46,16,61,75,28,0,13,73,51.09870420835941,1
87,12,24,83,70,7,18,96,70.92316749077344,2
39,68,23,30,50,34,8,75,52.74640967237239,1
28,60,35,31,15,68,30,89,53.303005848772,1
36,6,59,56,75,44,19,19,39.530739968813684,1
19,17,25,48,49,62,14,100,46.29959957178469,1
39,59,38,17,18,47,15,35,47.387397018392406,1
11,25,54,50,69,25,14,80,50.73742534927696,1
9,69,18,82,100,75,4,39,57.14510521778755,1
73,41,57,73,54,73,19,46,53.401846201800126,1
7,59,13,82,16,97,24,75,54.99661484563196,1
57,47,14,65,31,83,13,54,57.86498329256851,1
78,36,23,88,60,38,13,72,63.82771439428102,1
73,34,28,25,100,71,28,7,47.9238563297951,1
45,70,3,4,93,35,19,84,52.68803086407295,1
19,51,97,11,94,88,9,41,46.777475709924474,1
93,60,31,100,84,61,1,79,70.65730208103822,2
84,58,81,64,58,84,25,28,72.55789838216435,2
61,20,91,25,65,28,19,60,55.85678467002205,1
8,92,80,86,74,1,19,59,81.98361963582822,2
3,56,83,31,72,14,9,14,48.89541526866932,1
31,72,10,60,64,53,6,47,45.20547215613091,1
15,89,37,25,13,97,15,64,41.295847856903656,1
86,93,75,9,88,63,23,84,72.97295356327285,2
20,67,58,27,0,81,9,89,41.38117954028928,1
28,79,0,23,43,47,16,38,53.15828214848753,1
98,47,57,55,43,96,30,64,77.81939754988578,2
82,74,81,2,100,95,7,17,63.15960720267952,1
22,32,83,24,9,22,7,90,41.15258278100171,1
38,71,38,57,48,87,8,87,47.76008668297362,1
52,8,23,39,36,1,28,100,48.74004983438049,1
67,92,31,64,9,59,16,49,55.17995622137768,1
94,24,29,66,22,44,28,36,63.14313137939552,1
87,66,35,97,42,30,29,76,68.03336586125705,2
98,1,30,84,92,94,13,73,61.846905999980706,1
4,15,46,23,39,66,2,21,16.254563734097786,0
23,99,4,69,88,13,10,54,63.86290888709916,1
56,84,27,63,74,14,17,65,73.13640914186634,2
4,22,31,60,82,11,12,45,49.401812132692584,1
35,13,15,80,86,30,1,37,42.57585879441051,1
15,82,88,14,72,6,30,24,65.46729930108917,2
94,100,68,37,74,26,10,41,70.05517940832739,2
6,17,92,82,15,77,19,24,44.25323030863933,1
14,67,56,90,72,88,29,30,70.90324448662717,2
19,28,11,3,4,79,17,18,19.26259686883993,0
15,75,91,47,74,50,21,38,59.99393782176016,1
57,42,46,26,66,70,2,63,43.895745794619415,1
36,12,69,16,76,95,21,38,46.723936375287636,1
92,32,38,5,64,5,26,14,42.20893229843105,1
26,54,49,54,37,91,28,80,49.62410919595528,1
54,80,49,67,37,73,3,43,60.119532558870404,1
66,2,28,53,60,39,7,58,39.19513843274922,1
63,96,56,37,47,45,2,52,51.311650821901864,1
80,65,74,77,34,44,28,51,81.01491200225148,2
20,88,2,65,49,15,9,44,45.74239827272054,1
51,93,13,91,54,23,16,76,70.44341992008216,2
80,15,85,35,24,29,15,86,48.73287613787741,1
87,9,57,24,64,0,21,91,54.03389908675867,1
62,78,98,46,31,50,27,44,63.19228325409196,1
65,18,61,51,27,48,10,34,47.11567542616077,1
87,14,65,46,42,33,24,8,50.50494114584147,1
63,47,90,84,10,17,9,44,65.47192157126536,2
95,92,66,4,60,97,6,100,61.88499073074966,1
12,80,33,53,74,68,4,26,61.77813061969527,1
35,52,53,43,96,47,12,85,48.742107286976335,1
11,19,23,21,28,72,17,76,19.85919055246623,0
9,33,33,64,54,37,24,66,59.578509086298574,1
47,69,68,80,50,21,26,57,74.4742500046783,2
22,15,15,55,73,67,16,76,44.49831649833645,1
41,52,67,8,63,77,13,9,44.51765184390807,1
44,1,58,7,81,65,6,12,33.1972436209027,0
62,32,31,42,85,57,28,19,54.498606322603706,1
95,25,4,67,11,0,12,77,43.68457305024937,1
85,68,71,31,35,64,23,43,66.43914543043675,2
38,92,83,31,65,62,19,20,66.0640692692294,2
32,14,73,86,54,41,28,4,61.17058688043898,1
77,80,42,1,48,24,30,49,70.31544646140699,2
12,66,66,8,17,98,22,40,41.31285647785957,1
54,97,41,15,57,37,20,17,49.2347058942069,1
42,92,36,99,74,27,5,2,76.26513758721282,2
18,10,33,50,3,71,1,76,20.111100389982354,0
62,75,21,15,59,48,17,78,57.34778516203428,1
32,59,97,31,91,56,22,24,59.269596441474874,1
18,11,67,97,57,65,23,49,51.10624789889124,1
65,25,17,70,96,37,8,25,55.8358007291891,1
17,93,87,22,35,15,16,41,57.84675759560779,1
67,54,15,24,0,16,26,11,43.32944894760878,1
16,34,59,7,68,94,3,95,33.42588225901978,0
43,32,16,78,21,51,12,72,44.585550207752036,1
81,84,36,13,0,42,29,91,54.6227901209558,1
23,28,66,28,18,32,6,29,30.75557047213521,0
77,16,100,35,94,72,10,88,60.84742665079555,1
72,57,100,62,78,92,15,52,81.65582503922877,2
91,100,90,61,27,77,21,20,72.32366891318756,2
17,18,23,80,60,53,8,33,26.81641005281613,0
72,25,9,30,34,48,24,81,53.64054922392472,1
94,47,91,38,17,87,8,78,59.805556244156136,1
77,20,93,39,99,86,12,72,60.68393739267966,1
18,65,28,4,82,39,18,22,40.036707798833426,1
83,25,1,74,36,97,1,65,37.55844606365868,1
10,12,65,54,35,83,24,95,56.788288582518945,1
59,26,7,48,82,85,21,4,43.26106933196022,1
50,93,4,100,46,5,26,32,59.77349313911114,1
53,94,94,18,38,13,9,8,58.976440199711455,1
52,51,50,97,39,30,12,10,64.14703021220906,1
3,40,11,68,45,76,27,100,50.318608010120975,1
51,82,66,22,52,7,3,24,47.28043916682811,1
94,19,37,68,4,8,15,18,39.94355428385206,1
44,66,54,76,48,3,15,7,53.2360864336846,1
27,68,90,36,44,19,14,99,71.19994798228171,2
100,71,24,34,27,92,14,47,53.210015668579054,1
9,22,65,84,35,72,23,79,41.65765351192822,1
49,72,83,16,42,72,6,25,50.514803555066784,1
51,61,42,1,36,29,27,64,50.45622071344131,1
48,88,97,67,91,63,27,89,83.45662719870002,2
93,17,45,91,53,78,6,67,51.637559463467134,1
42,61,46,50,50,53,30,52,53.01663060136275,1
98,83,89,13,26,86,8,21,62.74980289279803,1
6,28,64,54,92,57,2,23,43.67507713483059,1
74,75,87,25,2,32,12,60,59.71186198797071,1
59,10,79,83,55,64,24,45,60.00855285748072,1
24,72,71,61,17,95,26,4,53.516132229470934,1
23,61,24,33,77,83,20,19,42.789632019430556,1
72,19,40,63,38,50,25,43,50.22502387311535,1
64,6,87,67,29,60,8,18,50.97947083255025,1
61,75,62,68,5,98,27,55,70.85754100691466,2
5,24,28,36,79,75,20,30,29.497448073441497,0
60,50,33,57,40,50,5,29,45.3104470013533,1
99,6,78,4,26,28,4,10,39.315712153962,1
1,97,17,40,85,91,9,50,62.87247839329437,1
47,55,11,38,1,98,3,19,39.92175748798449,1
49,94,77,54,47,7,9,63,64.05545311032101,1
90,16,29,95,16,3,30,94,72.07027670923497,2
28,20,77,96,12,11,8,92,53.891817812642095,1
48,61,53,48,2,39,20,67,58.716499833254424,1
72,61,100,65,18,16,30,81,79.35967208492771,2
6,79,53,10,95,89,8,93,45.47621574461142,1
80,93,87,48,44,92,21,68,77.94984373976304,2
83,83,85,69,100,18,14,25,86.86417954701575,2
72,14,21,68,26,83,9,50,40.52906846983301,1
65,31,100,97,76,14,29,86,80.21210143616027,2
75,92,75,47,9,79,20,67,57.11001652936146,1
78,55,10,91,10,36,14,36,58.30170509930561,1
91,87,0,98,1,4,25,17,66.90249020688347,2
43,56,27,57,90,43,28,14,53.08689651173948,1
46,5,1,9,67,83,24,38,27.8549600187416,0
64,47,36,38,75,94,27,81,60.937019494766645,1
19,83,100,77,93,12,10,55,72.02818526568397,2
86,66,48,58,33,84,11,6,54.03606276505935,1
77,13,2,94,72,29,7,92,46.23040411677931,1
63,21,49,82,50,46,21,40,63.88653018111173,1
30,86,22,6,54,10,25,39,50.555455709797705,1
35,98,86,86,66,98,20,82,73.76387896105814,2
43,76,9,36,47,79,18,38,33.191746909673896,0
66,9,77,82,2,64,24,62,59.03480964620035,1
